,dbn,2006,2007,2008,2009,2010,2011,2012,2013,2014,2015,2016,2017
0,K001,,,,,,"9,992,651","10,143,921","10,648,403","11,236,206","11,876,960","12,679,061","13,666,442"
1,K002,,,,,,"4,450,728","4,490,175","4,307,041","4,230,547","4,118,972","4,182,057","4,634,833"
2,K003,,,,,,,"5,072,110","4,904,738","4,842,447","4,979,315","4,896,431","4,870,818"
3,K005,,,,,,"4,793,360","4,336,877","4,096,694","3,791,380","3,993,529","3,460,115","3,591,103"
4,K006,,,,,,"5,824,302","5,899,457","5,982,643","6,163,292",,"7,126,444","8,268,231"
5,K007,,,,,,"7,030,534","6,845,341","7,881,634","8,295,231","8,119,598","8,493,458","8,761,260"
6,K008,,,,,,,"4,103,726","4,804,991","5,550,138","6,186,075","6,442,231",
7,K009,,,,,,,,,,,,
8,K010,,,,,,"7,469,277","7,897,989","8,189,591","8,473,340","10,223,880","14,388,495","16,305,342"
9,K011,,,,,,"4,243,050",,"4,863,931","4,825,217","5,459,073","5,768,956","6,320,972"
10,K012,,,,,,"3,732,519","3,420,340","3,174,742","3,176,466","3,632,023","4,073,151","4,115,229"
11,K013,,,,,,"5,939,250","5,102,917","5,249,469","5,387,883","5,450,419","5,717,821","6,651,549"
12,K014,,,,,,"7,691,587","7,515,652","6,774,304","6,580,303","6,468,689","6,614,298","6,944,432"
13,K015,,,,,,"5,061,089","5,164,746","5,477,502","5,476,387","7,136,097","7,496,725","7,375,168"
14,K016,,,,,,"3,145,930","3,136,833","3,078,475","3,013,486","3,343,668","3,567,196","3,601,197"
15,K017,,,,,,"4,633,073","4,525,981","4,477,837","4,164,269","4,076,665","4,148,720","4,265,820"
16,K018,,,,,,"1,957,072","2,171,721","2,171,893","2,356,093","2,695,129","2,773,601","2,699,809"
17,K019,,,,,,"4,013,639","4,119,597","3,575,639","2,191,565","1,536,486",0,
18,K020,,,,,,"3,115,111","3,123,388","3,053,530","3,336,322","3,823,174","3,988,203","4,203,399"
19,K021,,,,,,"5,143,832","5,066,417","4,996,294","5,298,007","5,608,244","5,864,445","6,085,496"
20,K022,,,,,,"5,763,230","5,554,107","2,960,951","1,762,476",0,,
21,K023,,,,,,"2,873,545","2,898,822","2,780,834","2,776,499","3,220,028","3,518,322","4,121,914"
22,K024,,,,,,"7,909,325","7,506,375","7,444,226","7,404,003","7,462,863","7,794,348","8,415,902"
23,K025,,,,,,"4,942,646","4,559,154","4,523,904","4,141,244","3,820,470","3,679,533","3,251,232"
24,K026,,,,,,"3,199,428","3,141,197","2,981,040","2,957,216","2,812,413","2,883,684","2,982,929"
25,K027,,,,,,"3,061,450",,,,,,
26,K028,,,,,,"3,090,435","2,969,907","3,066,244","2,984,154","2,803,947","2,756,762","2,743,249"
27,K029,,,,,,"4,928,972","5,122,564","5,518,955","5,529,969","5,799,191","6,420,775","7,059,730"
28,K030,,,,,,"2,922,828","2,788,484","2,883,558","3,803,831","4,809,451","6,110,649","7,829,976"
29,K031,,,,,,"4,359,437","4,666,075","4,795,625","4,724,058","5,360,088","5,696,114","5,773,164"
30,K032,,,,,,"6,847,516","6,890,175","6,598,666","7,333,899","7,568,516","7,993,995","8,416,146"
31,K034,,,,,,"3,714,248","3,798,383","3,705,243","3,849,190","3,981,825","4,022,691","4,335,504"
32,K035,,,,,,"2,393,117","2,358,080","2,368,735","2,339,492","2,256,867","2,245,332","2,432,182"
33,K038,,,,,,"4,377,339","4,256,311","4,431,662","4,540,238","5,199,733","5,443,563","5,311,684"
34,K039,,,,,,"2,994,406","2,870,263","3,171,748","3,074,769","3,409,857","3,447,453","3,526,933"
35,K040,,,,,,"3,343,659","3,404,556","3,035,051","3,243,310","3,290,081","3,445,881","3,681,619"
36,K041,,,,,,"5,948,354","5,770,126","5,686,810","5,311,367","4,953,725","5,289,521","5,388,071"
37,K044,,,,,,"3,472,508","3,229,040","3,146,730","2,924,880","3,074,692","2,872,956","2,960,878"
38,K045,,,,,,"6,872,637","6,852,059","7,145,105","7,510,939","7,585,026","7,179,593","7,649,253"
39,K046,,,,,,"4,281,145","4,014,690","4,126,690","4,350,429","4,480,247","5,259,476","4,682,858"
40,K048,,,,,,"4,972,467","4,910,307","4,781,135","4,849,901","5,185,849","5,607,353","5,532,428"
41,K050,,,,,,,,,,,,
42,K051,,,,,,,,,,,,
43,K052,,,,,,,,,,,,
44,K054,,,,,,,,,,,,
45,K056,,,,,,,,,,,,
46,K057,,,,,,,,,,,,
47,K058,,,,,,,,,,,,
48,K059,,,,,,,,,,,,
49,K061,,,,,,,,,,,,
50,K062,,,,,,,,,,,,
51,K065,,,,,,,,,,,,
52,K066,,,,,,,,,,,,
53,K067,,,,,,,,,,,,
54,K068,,,,,,,,,,,,
55,K069,,,,,,,,,,,,
56,K071,,,,,,,,,,,,
57,K072,,,,,,,,,,,,
58,K073,,,,,,,,,,,,
59,K075,,,,,,,,,,,,
60,K078,,,,,,,,,,,,
61,K081,,,,,,,,,,,,
62,K084,,,,,,,,,,,,
63,K086,,,,,,,,,,,,
64,K088,,,,,,,,,,,,
65,K089,,,,,,,,,,,,
66,K090,,,,,,,,,,,,
67,K091,,,,,,,,,,,,
68,K092,,,,,,,,,,,,
69,K093,,,,,,,,,,,,
70,K094,,,,,,,,,,,,
71,K095,,,,,,,,,,,,
72,K096,,,,,,,,"6,678,828","6,230,610","6,163,700","7,055,877","8,929,771"
73,K097,,,,,,"5,908,813","6,115,788","7,236,436","7,096,435","7,561,719","8,002,823","8,453,294"
74,K098,,,,,,"6,000,217","5,864,061","6,502,899","6,775,744","7,544,621","8,470,886","8,889,781"
75,K099,,,,,,"5,519,124","5,703,227","5,908,500","6,178,624","6,083,973","6,705,006","7,367,198"
76,K100,,,,,,"5,191,110","4,955,623","5,100,987","5,373,044","5,486,913","5,876,854","6,217,770"
77,K101,,,,,,"6,101,915","6,547,693","6,701,803","6,998,242","7,504,526","7,742,493","7,983,403"
78,K102,,,,,,"8,503,881","8,775,943","9,438,663","9,562,953","10,051,212","11,070,160","11,912,130"
79,K103,,,,,,"2,359,030","2,331,079","2,011,126","1,245,836",0,,
80,K104,,,,,,"7,656,934","6,993,070","7,582,110","7,727,378","8,146,357","8,812,685","9,485,204"
81,K105,,,,,,"13,220,693","12,910,575","12,883,711","12,684,856","12,619,928","12,913,613","13,576,152"
82,K106,,,,,,"6,514,903","6,074,724","5,859,261","5,678,189","5,856,290","5,960,924","6,481,812"
83,K107,,,,,,"4,006,957","3,738,080","3,970,680","4,075,858","3,978,389","4,103,224","4,322,417"
84,K108,,,,,,"6,808,503","6,903,216","7,187,918","7,401,460","7,905,327","8,952,334","9,652,095"
85,K109,,,,,,"6,525,940","6,554,776","6,721,150","6,402,251","6,800,944","7,866,631","7,858,944"
86,K110,,,,,,"3,355,324","3,263,334","3,203,795","3,283,579","3,842,801","3,888,590","4,360,810"
87,K112,,,,,,"3,496,679","3,774,068","4,130,653","4,180,884","4,542,434","5,514,047","6,038,952"
88,K113,,,,,,"6,748,995","6,404,736","6,293,365","6,030,963","5,500,775","4,850,672","4,222,384"
89,K114,,,,,,"6,073,775","5,566,813","5,724,568","5,510,424","5,554,114","6,314,611","6,060,149"
90,K115,,,,,,"8,607,424","8,479,042","8,125,966","8,135,272","8,828,672","8,959,170","9,233,071"
91,K116,,,,,,"4,936,054","4,964,720","5,100,651","5,283,889","5,287,998","5,416,706","5,648,172"
92,K118,,,,,,,,,"1,169,233","1,600,520","2,049,255","2,579,234"
93,K119,,,,,,"3,885,021","3,804,341","3,769,139","3,499,460","4,018,705","3,987,027","4,564,029"
94,K120,,,,,,"4,288,801","4,135,441","4,154,693","4,346,612","4,787,830","4,722,691","5,222,922"
95,K121,,,,,,"3,135,724","3,621,586","4,198,213","4,800,363","5,269,717","5,517,047","6,279,136"
96,K122,,,,,,,"1,424,334","2,115,156","2,999,041","4,401,418","4,587,837","4,453,365"
97,K123,,,,,,"7,154,365","7,290,077","7,121,411","7,384,787","7,444,879","7,223,192","7,792,518"
98,K124,,,,,,"3,101,110","3,030,558","3,054,304","3,019,504","3,165,665","3,395,460","3,653,766"
99,K126,,,,,,"4,513,169","5,412,064","5,504,564","4,816,003","4,782,684","5,343,908","5,405,933"
100,K127,,,,,,"4,058,027","4,352,159","4,379,241","4,714,442","4,783,393","5,050,781","5,175,004"
101,K128,,,,,,"3,539,401","3,275,705","3,220,048","3,553,124","3,613,352","4,311,569","4,463,879"
102,K130,,,,,,"4,813,282","5,148,859","5,198,149","5,827,706","6,137,304","7,154,434","7,985,666"
103,K131,,,,,,"7,529,388","7,560,128","7,985,818","8,498,351","9,198,259","9,680,027","10,089,010"
104,K132,,,,,,"5,781,374","5,811,391","5,735,054","5,528,210","5,434,521","5,657,829","5,875,936"
105,K133,,,,,,"3,667,150","3,629,351","3,369,943","4,224,338","4,752,468","5,783,359","6,704,513"
106,K134,,,,,,"4,167,748","4,017,906","4,173,403","4,420,161","4,769,568","4,884,412","5,302,291"
107,K135,,,,,,"6,044,426","5,836,792","5,778,675","5,574,456","5,313,503","5,939,342","5,870,055"
108,K136,,,,,,"5,666,024","5,805,452","5,478,745","5,486,573","5,563,056","5,774,929","5,854,069"
109,K137,,,,,,"3,975,619","3,876,723","3,573,655","3,550,192","3,553,586","3,579,210","3,795,066"
110,K138,,,,,,"8,486,969","8,258,211","7,558,966","7,142,118","7,238,084","7,394,390","7,384,163"
111,K139,,,,,,"8,083,766","7,352,180","7,394,072","7,583,556","8,007,264","8,571,443","8,919,457"
112,K145,,,,,,"7,317,373","7,059,468","7,618,393","7,742,264","7,689,964","7,506,701","7,576,679"
113,K146,,,,,,"5,600,569","5,816,499","6,088,537","6,250,194","6,777,926","7,236,596","7,685,762"
114,K147,,,,,,"3,122,694","2,623,350","2,740,857","3,120,808","3,500,355","3,712,194","4,234,580"
115,K149,,,,,,"6,402,698","6,044,404","5,896,510","6,020,510","6,315,087","6,508,468","7,145,379"
116,K150,,,,,,"3,631,015","3,081,892","3,002,870","2,866,160","2,734,326","2,831,245","2,930,063"
117,K151,,,,,,"3,883,642","3,968,875","4,021,258","4,012,888","4,017,240","4,126,828","4,763,941"
118,K152,,,,,,"6,008,546","6,093,115","6,395,935","6,759,273","7,052,332","7,372,995","8,245,343"
119,K153,,,,,,"4,663,388","4,871,089","4,961,216","4,882,208","5,351,077","5,551,577","5,967,438"
120,K154,,,,,,"3,466,315","3,325,176","3,967,849","4,268,380","4,298,366","4,593,226","4,838,349"
121,K155,,,,,,"5,317,999","5,051,412","4,834,559","4,767,294","4,742,466","5,141,667","5,608,410"
122,K156,,,,,,"6,729,755","6,164,797","6,630,269","6,812,675","7,674,720","8,035,238","8,276,888"
123,K157,,,,,,"4,002,826","4,261,741","4,866,669","5,204,851","5,202,380","5,178,423","5,859,388"
124,K158,,,,,,"5,286,529","5,236,705","5,097,528","5,083,448","5,743,985","6,055,764","6,511,798"
125,K159,,,,,,"7,110,758","6,395,512","6,394,635","6,429,521","6,223,527","6,655,444","7,447,853"
126,K160,,,,,,"6,571,443","6,671,687","7,849,022","9,206,292","10,234,298","11,172,828","12,130,956"
127,K161,,,,,,"6,124,229","5,706,708","5,783,538","4,818,171","4,438,183","4,653,255","4,532,610"
128,K162,,,,,,"5,405,447","5,373,380","5,269,078","5,200,078","5,004,255","5,004,767","5,151,107"
129,K163,,,,,,"4,689,137","5,199,146","5,652,215","5,566,544","5,527,970","5,677,043","6,108,819"
130,K164,,,,,,"5,971,132","5,893,782","5,419,829","5,611,362","5,833,774","6,241,281","6,909,185"
131,K165,,,,,,"5,398,583","5,373,844","5,850,145","5,215,967","5,416,961","5,771,094","5,997,612"
132,K166,,,,,,"5,345,219","5,536,981","5,208,739","4,148,572","2,548,916",0,
133,K167,,,,,,"5,169,023","4,678,654","4,455,036","3,068,338","2,318,113","2,191,962",0
134,K168,,,,,,,"1,011,800","1,209,665","1,861,027","2,100,137","2,233,679","2,492,150"
135,K169,,,,,,"10,655,262","11,206,165","12,370,836","12,851,344","13,065,712","13,725,267","15,053,082"
136,K170,,,,,,"6,969,802","6,858,533","7,231,695","7,462,787","7,911,096","8,411,923","9,530,435"
137,K171,,,,,,"6,393,355","6,423,173","6,611,728","6,624,947","5,873,211","5,437,495","5,314,973"
138,K172,,,,,,"5,237,779","4,922,220","5,243,508","5,462,246","5,557,417","5,972,762","6,569,232"
139,K174,,,,,,"4,594,357","4,770,006","4,831,761","3,419,908","2,297,163","1,539,745",0
140,K176,,,,,,"8,820,409","9,173,074","9,403,535","9,880,090","10,103,287","10,839,306","11,460,569"
141,K177,,,,,,"7,002,995","6,993,131","7,402,696","7,395,205","8,007,569","8,612,765","9,244,891"
142,K178,,,,,,"5,080,206","4,799,016","4,593,418","4,617,665","4,417,639","4,118,105","4,342,129"
143,K179,,,,,,"8,270,762","8,082,491","8,606,844","8,553,720","8,368,701","9,392,183","9,438,961"
144,K180,,,,,,"9,600,766","10,165,540","10,135,000","10,228,941","10,285,817","10,873,515","11,226,062"
145,K181,,,,,,"9,902,113","9,483,491","9,035,178","8,649,465","8,462,022","8,532,704","8,505,679"
146,K184,,,,,,"4,820,942","4,719,988","4,803,603","5,226,810","5,506,359","5,570,586","6,262,038"
147,K185,,,,,,"5,198,516","4,870,547","4,974,983","4,799,044","5,128,931","5,128,912","5,548,936"
148,K186,,,,,,"6,376,595","6,646,017","6,891,376","7,017,501","7,365,639","8,231,811","9,258,023"
149,K187,,,,,,"6,311,159","5,883,365","6,019,883","6,230,653","6,652,467","7,042,809","7,004,651"
150,K188,,,,,,"5,597,402","5,642,675","5,458,533","5,706,961","5,536,826","5,788,314","5,750,035"
151,K189,,,,,,"8,823,911","8,684,276","8,630,602","8,295,396","8,320,404","8,204,049","8,831,853"
152,K190,,,,,,"3,500,515","2,893,260","2,607,459","2,424,425","2,266,352","2,353,631","2,407,851"
153,K191,,,,,,"3,229,194","2,939,318","2,927,862","2,776,420","2,506,172","2,436,380","2,481,091"
154,K192,,,,,,"7,421,671","6,834,582","6,718,841","6,490,831","6,641,963","7,240,166","7,431,513"
155,K193,,,,,,"6,821,526","6,922,566","7,289,728","7,454,979","7,315,576","8,090,293","8,386,779"
156,K194,,,,,,"5,089,786","4,881,193","4,866,573","4,837,544","5,107,920","5,673,502","6,260,809"
157,K195,,,,,,"2,999,100","2,934,719","3,236,786","3,267,284","3,236,651","3,564,207","3,844,737"
158,K196,,,,,,"4,866,929","4,537,070","4,422,827","4,494,539","4,404,261","4,583,534","5,269,605"
159,K197,,,,,,"5,819,074","5,850,191","5,505,097","5,662,656","6,094,568","6,414,638","6,961,294"
160,K198,,,,,,"4,815,541","4,662,673","4,508,201","4,596,754","4,687,532","5,251,095","5,274,861"
161,K199,,,,,,"5,490,190","5,295,331","4,957,716","4,973,086","5,166,916","5,993,387","6,984,835"
162,K200,,,,,,"8,616,983","8,666,842","8,839,408","8,871,046","9,014,654","9,864,149","10,573,261"
163,K201,,,,,,"9,197,602","9,699,859","9,259,631","9,130,669","9,113,769","9,836,510","10,793,667"
164,K202,,,,,,"7,262,288","6,773,813","6,760,784","6,276,492","5,752,086","5,463,884","5,625,789"
165,K203,,,,,,"7,773,897","7,641,918","7,460,091","6,760,387","7,162,806","8,160,867","7,864,894"
166,K204,,,,,,"7,919,690","7,961,942","8,514,422","8,293,655","9,442,429","9,949,984","11,083,383"
167,K205,,,,,,"9,853,025","9,998,747","10,320,413","10,765,656","10,722,434","11,622,269","12,569,102"
168,K206,,,,,,"9,419,210","9,275,272","9,237,351","9,517,288","9,657,368","11,297,261","12,310,234"
169,K207,,,,,,"7,842,906","7,773,791","8,353,598","8,606,446","8,519,105","9,566,271","10,430,991"
170,K208,,,,,,"4,604,516","4,316,516","4,089,765","4,257,927","4,364,313","4,575,380","5,067,335"
171,K209,,,,,,"6,353,816","6,214,988","6,355,994","6,932,655","7,063,761","7,485,264","7,743,755"
172,K211,,,,,,"7,342,551","7,304,816","6,879,946","6,624,222","6,511,891","6,275,628","6,129,541"
173,K212,,,,,,"5,721,882","5,784,786","6,017,470","6,240,307","6,416,348","7,263,203","7,746,997"
174,K213,,,,,,"4,359,095","4,539,643","4,712,682","4,574,149","4,749,371","4,155,429","4,092,560"
175,K214,,,,,,"8,489,575","8,125,330","7,884,149","8,241,245","8,143,767","8,742,957","9,007,820"
176,K215,,,,,,"5,216,719","5,318,780","5,793,367","6,675,935","6,728,561","8,054,739","8,236,310"
177,K216,,,,,,"4,490,551","5,085,855","5,533,400","5,621,473","5,894,065","6,570,672","7,229,898"
178,K217,,,,,,"10,938,222","10,790,166","10,605,637","10,267,583","10,470,362","10,887,664","11,461,720"
179,K218,,,,,,"5,176,580","5,648,501","4,982,561","5,101,373","5,224,477","5,125,683","4,973,382"
180,K219,,,,,,"7,220,216","6,089,290","5,791,413","5,780,526","6,166,172","6,482,606","6,660,034"
181,K220,,,,,,"10,526,830","10,118,401","10,503,161","11,083,362","11,499,694","11,478,568","12,859,530"
182,K221,,,,,,"6,012,521","5,608,998","5,351,944","4,981,141","5,030,708","5,016,057","4,810,279"
183,K222,,,,,,"9,082,688","9,149,673","9,322,615","9,111,300","9,508,446","10,400,882","11,078,677"
184,K223,,,,,,"6,465,853","6,585,291","7,302,010","7,973,328","8,356,071","8,900,612","9,081,261"
185,K224,,,,,,"7,132,822","7,059,267","6,870,151","6,102,501","5,760,157","5,581,043","5,501,321"
186,K225,,,,,,"9,320,924","9,202,184","9,657,503","9,724,538","9,858,953","11,353,257","11,704,999"
187,K226,,,,,,"8,876,611","9,329,256","9,552,051","9,748,523","9,822,181","10,635,871","10,615,039"
188,K227,,,,,,"11,231,000","10,780,139","10,711,358","10,421,234","9,992,383","10,369,628","11,783,527"
189,K228,,,,,,"6,803,106","6,597,601","7,531,380","8,567,545","10,363,907","11,566,851","11,702,412"
190,K229,,,,,,"5,871,264","6,709,080","7,161,088","7,133,410","7,475,571","8,411,060","9,119,096"
191,K230,,,,,,"10,045,421","10,287,960","10,826,969","10,931,461","11,004,966","11,623,740","11,682,388"
192,K233,,,,,,"5,440,321","5,224,955","5,349,160","5,064,501","5,106,697","5,682,333","5,683,680"
193,K234,,,,,,"11,856,184","11,571,849","11,261,461","11,134,090","11,515,790","12,730,189","13,763,295"
194,K235,,,,,,"8,175,088","8,591,120","8,129,413","8,087,318","8,473,835","9,126,386","9,390,219"
195,K236,,,,,,"5,014,405","4,815,197","4,977,433","4,741,484","4,534,732","4,889,828","5,158,355"
196,K238,,,,,,"7,873,229","8,151,243","7,818,375","7,423,766","7,715,211","8,233,932","8,081,594"
197,K239,,,,,,"7,275,479","6,707,909","7,034,259","7,435,969","7,947,472","8,630,849","8,955,661"
198,K240,,,,,,"8,030,519","7,955,369","7,149,304","7,330,021","7,182,262","6,936,997","7,318,391"
199,K241,,,,,,"5,899,512","5,618,749","5,689,411","5,896,019","6,199,172","6,172,210","6,199,578"
200,K243,,,,,,"4,817,103","4,696,566","4,563,448","4,411,323","3,988,105","4,056,363","4,195,190"
201,K244,,,,,,"9,434,529","9,776,225","9,827,761","9,596,471","9,350,374","9,155,099","8,872,342"
202,K245,,,,,,"2,121,324","2,320,526","2,498,812","2,610,877","2,811,629","2,921,695","3,123,959"
203,K246,,,,,,"6,566,439","6,369,435","6,031,291","6,400,062","5,997,899","5,911,623","5,415,623"
204,K247,,,,,,"5,296,179","5,423,629","5,600,825","5,999,332","6,576,372","7,284,244","7,818,830"
205,K249,,,,,,"5,675,503","6,036,407","6,685,862","7,313,691","7,507,248","8,020,538","8,589,850"
206,K250,,,,,,"5,800,318","6,780,801","6,354,028","6,365,035","5,772,393","5,468,175","5,394,876"
207,K251,,,,,,"5,968,848","5,939,981","6,005,705","5,712,146","6,009,125","6,415,861","6,369,898"
208,K253,,,,,,"5,784,515","6,001,429","6,960,527","7,553,144","7,882,921","8,532,366","8,804,268"
209,K254,,,,,,"5,051,266","5,110,124","5,268,949","5,110,121","5,463,049","6,009,359","6,294,348"
210,K255,,,,,,"7,946,007","8,021,475","8,470,015","8,773,007","9,867,910","9,449,083","10,348,786"
211,K256,,,,,,"3,942,841","3,803,769","3,994,105","3,865,227","3,736,458","3,379,280","3,486,383"
212,K257,,,,,,"6,579,419","7,048,164","6,827,907","6,938,476","7,347,744","7,467,836","8,122,373"
213,K259,,,,,,"10,007,267","10,168,401","10,107,173","9,820,059","9,930,676","11,047,176","13,000,974"
214,K260,,,,,,"3,641,303","2,333,222","1,629,647","1,270,598",0,,
215,K261,,,,,,"6,209,091","6,052,298","6,022,116","6,068,241","6,069,168","6,332,683","6,961,831"
216,K262,,,,,,"3,725,942","3,891,861","4,309,063","4,458,874","4,285,716","4,414,728","4,338,400"
217,K264,,,,,,"956,226","1,139,860","2,092,233","2,964,582","3,724,371","4,235,786","4,717,609"
218,K265,,,,,,"4,418,962","4,145,355","4,114,912","4,295,164","4,130,371","4,076,104","4,399,716"
219,K266,,,,,,"1,720,180","1,608,883","1,554,605","1,594,501","1,690,928","1,736,282","2,045,054"
220,K267,,,,,,"3,214,816","3,617,791","3,583,990","3,467,276","2,995,848","2,665,286","2,853,652"
221,K268,,,,,,"4,928,889","4,657,084","4,405,599","4,226,743","4,022,063","3,987,768","4,289,894"
222,K269,,,,,,"5,195,943","5,111,655","4,679,451","4,300,992","4,403,152","4,399,587","4,133,981"
223,K270,,,,,,"2,753,776","2,488,203","2,305,711","2,309,332","2,640,701","2,431,696","2,283,867"
224,K272,,,,,,"7,250,923","6,987,911","6,426,240","6,381,928","6,135,761","6,676,400","7,019,063"
225,K273,,,,,,"4,111,109","4,058,072","3,988,403","3,843,255","4,076,012","4,163,045","4,170,321"
226,K274,,,,,,"5,971,090","5,237,595","5,476,248","5,190,946","5,365,201","5,347,255","5,134,985"
227,K276,,,,,,"7,416,249","7,300,782","7,214,110","7,124,474","7,662,486","7,902,532","7,394,424"
228,K277,,,,,,"3,854,427","4,000,435","4,229,176","4,472,385","4,431,354","4,589,136","4,539,969"
229,K278,,,,,,"7,457,050","7,824,246","8,894,592","9,217,128","9,477,969","9,374,868","10,860,368"
230,K279,,,,,,"5,969,335","5,853,809","5,139,102","5,301,658","5,308,969","5,245,804","5,115,072"
231,K281,,,,,,"9,502,961","9,306,551","8,974,047","8,753,317","8,676,568","9,108,494","10,533,614"
232,K282,,,,,,"6,766,242","6,582,665","6,748,772","7,056,450","7,096,733","7,521,493","7,876,569"
233,K284,,,,,,"5,305,573","4,589,818","4,829,913","5,136,564","5,453,218","5,886,062","6,235,947"
234,K285,,,,,,"6,538,943","6,589,679","6,787,588","6,889,233","6,215,909","6,250,450","6,272,698"
235,K287,,,,,,"2,911,222","2,704,230","2,451,116","2,392,953","2,857,102","2,506,326","2,803,755"
236,K288,,,,,,"5,618,382","5,732,705","5,184,399","4,897,647","5,039,168","6,013,291","7,182,305"
237,K289,,,,,,"7,762,539","6,841,430","6,471,757","5,964,023","5,971,415","6,162,599","6,647,604"
238,K290,,,,,,"4,775,213","4,908,062","4,825,295","5,101,612","5,220,373","5,658,747","5,917,675"
239,K291,,,,,,"6,090,941","5,883,963","5,979,105","6,745,046","5,510,613","5,419,221","5,295,359"
240,K292,,,,,,"6,043,665","5,821,356","5,912,127","5,992,855","5,809,022","5,881,808","6,092,307"
241,K295,,,,,,"4,043,059","4,419,220","4,685,651","4,828,047","5,312,881","5,528,231","5,903,916"
242,K296,,,,,,"5,350,644","4,888,812","3,328,871","2,039,531",0,,
243,K297,,,,,,"3,589,894","3,534,810","3,333,285","3,297,885","3,193,868","3,349,131","3,652,917"
244,K298,,,,,,"5,792,885","5,460,129","4,884,889","4,064,533","4,183,285","4,349,378","4,035,250"
245,K299,,,,,,"4,601,098","4,282,866","4,178,119","4,096,447","4,215,701","4,087,921","4,130,068"
246,K301,,,,,,"1,941,319","1,802,610","1,727,047","1,697,932","1,604,285","1,862,437","1,739,304"
247,K302,,,,,,"9,201,952","8,408,900","8,037,220","7,123,996","4,389,459",0,
248,K303,,,,,,"5,942,063","5,497,224","5,124,368","4,729,536","4,402,526","4,369,787","4,425,202"
249,K305,,,,,,"3,252,901","3,182,414","3,038,740","2,888,328","2,481,551","2,607,755","2,594,204"
250,K306,,,,,,"6,817,466","6,631,109","7,014,170","6,959,027","6,978,741","7,609,874","7,812,270"
251,K307,,,,,,"4,177,174","4,434,196","5,044,413","5,749,303","7,208,680","7,499,555","6,800,802"
252,K308,,,,,,"6,489,816","6,179,849","6,157,692","5,824,671","5,553,564","5,228,627","5,636,709"
253,K309,,,,,,"4,543,742","4,375,250","4,470,724","4,189,067","4,009,041","4,037,846","3,923,690"
254,K310,,,,,,"1,330,784","1,710,078","2,745,688","3,454,308","3,948,607","4,288,127","4,245,915"
255,K311,,,,,,"2,128,162","1,935,972","1,700,552","1,926,580","1,971,730","2,206,200","2,023,532"
256,K312,,,,,,"8,065,134","7,911,901","7,899,214","7,573,165","7,522,657","7,894,583","8,035,091"
257,K313,,,,,,"2,081,987","1,860,848","1,516,650","1,543,689","1,387,323","1,268,879","2,036,180"
258,K315,,,,,,"6,084,644","5,842,120","6,198,654","6,508,303","6,845,713","7,122,468","7,359,012"
259,K316,,,,,,"3,740,779","3,746,915","3,842,234","3,870,421","4,672,610","5,572,689","6,427,307"
260,K318,,,,,,"10,979,003","10,661,278","10,745,313","10,837,853","11,385,946","11,737,127","11,607,101"
261,K319,,,,,,"1,845,321","1,799,352","1,662,158","1,533,799","1,585,985","1,722,367","1,838,056"
262,K321,,,,,,"9,063,827","9,302,667","9,635,358","9,586,876","10,098,537","10,546,255","10,831,005"
263,K322,,,,,,"1,943,100","1,701,474","1,606,608","1,477,007","1,415,214","1,790,976",0
264,K323,,,,,,"4,747,743","4,542,013","4,221,856","4,342,356","4,211,342","4,290,546","5,003,090"
265,K325,,,,,,,"1,310,595","1,660,583","1,876,327","2,530,419","2,670,659","2,835,004"
266,K326,,,,,,"2,474,880","2,140,652","2,400,054","2,438,798","2,444,598","2,797,408","2,865,355"
267,K327,,,,,,"6,779,138","6,415,663","6,288,363","6,067,624","5,800,184","5,751,876","5,179,029"
268,K328,,,,,,"6,260,462","5,736,136","5,252,237","4,921,668","4,905,986","5,654,795","4,987,085"
269,K329,,,,,,"5,790,744","5,444,286","5,391,533","4,956,819","5,115,915","5,117,824","5,276,387"
270,K330,,,,,,"1,461,704","1,398,862","1,155,565","1,140,861","1,061,332","1,307,004",0
271,K332,,,,,,"4,624,430","3,331,278","2,220,040","1,459,910",0,,
272,K334,,,,,,"2,255,227","2,367,203","1,987,114","1,959,535","1,633,308","1,728,328",0
273,K335,,,,,,"4,936,654","4,650,808","4,431,778","4,294,351","4,350,273","4,112,996","4,052,177"
274,K336,,,,,,"1,793,607","2,141,837",0,,,,
275,K337,,,,,,"2,905,949","2,943,615","3,125,609","3,221,214","3,266,105","3,611,618","3,694,596"
276,K340,,,,,,"2,086,152","2,028,180","1,813,367","1,578,811","1,885,649","2,127,715","2,517,135"
277,K344,,,,,,"3,522,303","3,500,499","3,699,345","3,794,389","4,176,845","4,642,357","5,141,187"
278,K345,,,,,,"5,682,992","5,624,115","5,806,895","5,771,939","5,878,994","6,078,918","6,669,347"
279,K346,,,,,,"6,058,817","5,907,433","6,210,854","6,338,077","6,691,060","7,468,913","7,527,068"
280,K347,,,,,,"5,194,044","4,707,933","4,587,606","4,507,801","4,190,099","4,093,491","4,155,108"
281,K348,,,,,,"2,873,602","2,791,821","3,184,456","2,969,239","2,571,599","2,343,389","2,762,709"
282,K349,,,,,,"5,034,636","4,659,899","4,227,277","4,098,748","3,636,766","4,110,624","4,149,104"
283,K350,,,,,,"2,750,952","3,077,515","3,252,979","3,135,226","3,197,345","2,941,423","2,493,746"
284,K351,,,,,,,,"1,123,806","1,811,330","1,897,530","1,881,433","2,491,085"
285,K352,,,,,,"4,236,198","3,834,951","3,599,453","3,406,228","3,219,913","3,351,590","3,325,567"
286,K353,,,,,,"1,673,469","1,675,900","2,003,228","2,335,277","2,365,459","2,242,209","2,149,271"
287,K354,,,,,,"2,657,306","2,788,154","2,854,228","2,851,018","2,679,787","2,974,004","4,042,981"
288,K361,,,,,,"5,396,303","5,196,362","5,315,775","5,411,146","5,553,901","5,674,399","5,445,361"
289,K363,,,,,,,,"1,062,440","1,421,208","1,571,457","1,294,141","1,164,957"
290,K364,,,,,,"3,113,099","3,073,271","3,072,102","3,132,189","3,293,235","3,302,562","3,327,520"
291,K366,,,,,,"2,178,807","2,672,367","3,109,542","3,555,945","4,376,498","4,425,872","4,253,590"
292,K375,,,,,,"5,194,950","5,266,931","5,600,147","5,654,376","5,549,469","5,759,612","5,678,955"
293,K376,,,,,,"5,312,722","5,358,199","5,289,446","5,395,739","5,000,629","5,153,178","5,404,799"
294,K377,,,,,,"7,006,558","6,733,810","6,391,395","5,876,608","5,803,996","5,804,706","5,638,778"
295,K380,,,,,,"6,516,705","7,047,797","7,294,804","7,765,243","7,698,700","7,786,582","7,916,280"
296,K381,,,,,,"3,675,326","3,333,365","3,554,070","3,547,372","3,422,784","3,281,722","3,210,544"
297,K382,,,,,,"4,065,695","4,113,030","4,082,393","3,954,187","3,996,835","3,920,135","3,795,301"
298,K383,,,,,,"5,792,581","5,214,353","4,967,798","5,927,308","6,106,917","6,779,928","7,343,464"
299,K384,,,,,,"6,625,267","6,622,140","6,639,755","6,770,152","6,450,117","6,564,052","6,648,648"
300,K385,,,,,,"2,777,978","2,704,188","2,198,125","2,131,820","1,968,399","1,736,425",0
301,K392,,,,,,"1,877,038","2,102,828","2,066,403","2,042,440","2,104,841","2,467,364","2,882,211"
302,K393,,,,,,"3,679,997","3,505,216","2,885,288","2,072,934","1,640,434","1,607,502","1,665,120"
303,K394,,,,,,"5,867,628","5,456,834","5,293,108","5,387,049","5,391,992","5,378,264","5,883,062"
304,K397,,,,,,"3,523,445","3,345,451","3,340,402","3,096,925","3,339,077","3,169,030","3,076,359"
305,K398,,,,,,"4,778,109","4,535,123","4,660,530","4,551,097","4,975,891","5,253,699","5,548,472"
306,K399,,,,,,"3,695,916","3,714,702","3,791,552","3,638,437","3,653,063","3,625,591","3,807,874"
307,K401,,,,,,,"1,721,022","2,538,097","2,812,854","2,904,059","3,333,562","3,575,060"
308,K403,,,,,,"3,317,348","3,208,075","3,436,935","3,600,463","3,695,929","3,828,863","3,913,768"
309,K404,,,,,,"2,686,516","2,780,688","2,971,112","3,659,470","4,220,463","4,892,381","5,537,448"
310,K405,,,,,,"20,540,455","19,446,627","19,206,258","19,341,546","19,585,897","20,947,624","22,252,525"
311,K408,,,,,,"2,537,547","2,597,394","2,535,669","2,409,198","2,485,252","2,275,204","2,222,304"
312,K409,,,,,,"3,190,848","2,885,932","3,200,200","3,331,225","3,667,380","3,961,253","4,705,210"
313,K410,,,,,,"16,581,658","16,117,482","15,725,682","16,176,139","15,803,027","16,302,177","16,564,951"
314,K412,,,,,,"3,477,429","3,375,099","3,285,527","3,352,854","3,246,245","3,441,619","3,775,701"
315,K414,,,,,,,,"2,028,952","2,969,567","3,679,458","4,815,914","5,277,078"
316,K418,,,,,,"3,421,885","3,369,673","3,513,928","3,494,320","3,592,386","3,778,989","3,821,613"
317,K419,,,,,,"4,915,624","4,352,560","4,152,208","4,334,785","4,489,149","4,685,970","5,221,495"
318,K420,,,,,,"7,261,101","2,870,558",0,,,,
319,K422,,,,,,,,"1,086,615","1,842,676","2,353,660","2,902,634","3,952,120"
320,K423,,,,,,,"1,311,784","1,974,402","2,499,542","2,933,075","2,763,800","2,531,580"
321,K425,,,,,,"18,195,885","18,866,850","18,398,942","18,132,503","18,148,046","19,968,623","24,531,231"
322,K429,,,,,,"5,284,757","4,746,830","3,834,519","3,645,015","3,380,849","3,084,204","2,886,672"
323,K430,,,,,,"27,193,015","26,538,356","27,641,396","28,045,977","27,883,404","29,869,586","32,227,862"
324,K439,,,,,,"3,281,045","3,090,946","3,000,142","3,060,174","3,053,454","3,280,613","3,490,281"
325,K442,,,,,,"2,637,539","2,514,486","2,684,609","3,021,074","3,261,854","3,439,569","3,538,651"
326,K443,,,,,,"3,473,283","3,531,929","3,679,063","3,756,553","3,663,081","3,989,984","4,324,120"
327,K445,,,,,,"20,055,665","20,198,693","19,910,011","22,228,442","23,659,618","25,204,075","27,577,835"
328,K446,,,,,,,,"2,199,689","2,872,456","3,334,608","3,908,283","4,220,888"
329,K447,,,,,,"4,943,960","5,009,601","5,492,607","5,211,871","5,152,814","5,425,721","5,726,559"
330,K448,,,,,,"6,039,377","5,840,007","6,166,671","6,183,593","6,491,367","6,885,747","7,170,135"
331,K449,,,,,,"2,365,120","2,971,392","3,208,649","3,611,444","4,127,022","4,252,112","4,871,716"
332,K452,,,,,,"1,960,436","2,030,401","2,270,715","2,733,520","2,829,125","2,777,983","3,143,798"
333,K454,,,,,,"2,916,092","3,336,205","3,096,040","3,056,713","2,965,939","3,033,983","3,473,590"
334,K455,,,,,,"14,644,624","13,520,776","11,810,739","9,000,945","8,289,038","7,263,417","7,167,654"
335,K462,,,,,,"4,191,891","3,856,249","3,727,197","3,565,543","3,117,455","3,261,402","3,570,519"
336,K463,,,,,,"3,467,924","2,945,997","2,644,442","2,580,346","2,461,581","2,380,712","2,411,218"
337,K464,,,,,,"3,345,719","3,222,837","3,600,690","3,339,351","3,566,981","4,503,002","5,563,000"
338,K468,,,,,,"2,908,815","3,214,399","3,561,028","3,811,139","4,242,971","4,186,164","4,895,383"
339,K474,,,,,,"7,362,608","7,191,083","8,099,503","8,400,582","8,286,027","7,878,562","8,167,623"
340,K477,,,,,,"5,712,216","5,715,594","5,210,442","5,133,901","4,937,657","4,625,156","4,355,496"
341,K478,,,,,,"7,062,822","7,098,935","6,936,777","7,237,505","7,093,160","8,421,243","7,448,657"
342,K483,,,,,,"3,280,388","3,178,405","3,078,827","3,082,740","3,202,838","3,351,834","3,634,175"
343,K484,,,,,,"1,686,234","1,669,856","1,575,727","1,821,518","1,833,509","1,862,840","1,994,951"
344,K485,,,,,,"8,946,147","9,602,657","9,126,771","9,333,779","9,529,807","9,969,175","10,981,601"
345,K488,,,,,,"3,050,597","3,012,413","3,372,376","3,578,688","3,639,229","3,897,865","4,116,479"
346,K489,,,,,,"2,637,992","2,514,862","1,976,888","1,516,183","1,550,427","1,496,136","1,407,377"
347,K490,,,,,,"25,762,347","24,972,715","25,532,003","25,982,372","25,697,864","29,225,297","32,201,319"
348,K492,,,,,,"2,206,442","2,512,688","2,865,887","3,003,165","3,116,857","3,683,216","3,971,406"
349,K493,,,,,,"4,095,839","4,012,575","3,906,306","3,757,916","3,266,081","3,504,549","3,541,427"
350,K495,,,,,,"16,716,913","16,512,058","14,068,963","10,863,851","7,250,416","4,282,263",0
351,K497,,,,,,"4,293,825","4,248,328","4,131,406","4,362,551","4,269,918","4,470,939","5,246,146"
352,K498,,,,,,"2,818,176","3,255,784","3,291,507","3,726,033","4,124,478","4,863,943","5,150,834"
353,K499,,,,,,"5,185,918","5,022,718","4,903,502","4,656,384","3,954,901","3,354,914","2,765,223"
354,K500,,,,,,"4,616,779",,,,,,
355,K502,,,,,,"3,425,594","3,284,909","3,079,683","2,971,654","3,229,195","3,234,403","3,412,112"
356,K503,,,,,,"8,772,152","9,049,378","9,624,566","10,096,269","10,957,522","11,779,280","12,295,430"
357,K504,,,,,,"3,343,792","3,335,058","3,102,119","2,883,466","2,859,866","2,748,683","2,806,347"
358,K505,,,,,,"25,208,606","25,173,209","23,300,496","23,386,826","24,444,462","24,899,759","27,653,788"
359,K506,,,,,,"6,318,904","6,302,497","6,849,437","6,719,533","7,294,808","7,803,558","8,283,984"
360,K507,,,,,,"3,227,615","3,373,911","3,504,290","3,294,736","3,551,087","3,631,253","4,114,843"
361,K509,,,,,,"2,097,886","1,864,593","1,712,469",0,,,
362,K510,,,,,,"3,136,747","2,984,325","2,988,925","2,691,900","3,179,721","2,947,895","3,110,309"
363,K514,,,,,,"3,094,996","2,850,664","2,894,728","2,767,364","2,847,022","2,588,691","2,647,371"
364,K516,,,,,,,,,"1,074,317","1,750,649","2,705,040","3,644,824"
365,K518,,,,,,"2,627,844","2,468,532","2,323,300","2,222,054","2,024,777","2,060,096","2,194,166"
366,K519,,,,,,"6,509,993","6,207,871","5,708,825","5,425,522","5,540,510","5,486,948","5,942,089"
367,K520,,,,,,"2,091,400","1,625,953",0,,,,
368,K522,,,,,,"1,878,928","1,906,471","1,781,522","1,626,777","1,691,476","1,894,589","1,899,646"
369,K524,,,,,,"3,994,824","3,656,224","3,696,857","3,698,826","3,729,985","3,860,762","3,950,659"
370,K525,,,,,,"25,630,504","25,249,367","25,581,606","25,335,896","25,143,438","26,094,997","27,879,996"
371,K527,,,,,,"2,770,309","3,185,154","3,481,105","3,546,818","3,597,109","3,486,732","3,863,586"
372,K528,,,,,,"2,967,434","2,676,096","2,397,684","2,471,939","2,269,831","2,422,574","2,293,118"
373,K529,,,,,,"2,012,297","1,948,041","1,986,395","1,984,912","1,933,219","2,137,787","2,163,313"
374,K530,,,,,,"2,607,583","1,968,013","1,524,472","1,088,778",0,,
375,K531,,,,,,"3,148,367","3,270,069","3,549,531","3,773,200","3,964,746","3,960,457","3,851,218"
376,K532,,,,,,,,,"2,146,965","3,050,138","3,789,964","5,025,688"
377,K533,,,,,,"3,701,262","3,315,763","3,161,610","4,141,070","4,086,081","4,177,970","3,638,699"
378,K534,,,,,,"2,439,036","2,442,081","2,333,508","2,095,624","1,710,358","1,748,822",0
379,K535,,,,,,"6,037,120","5,882,980","6,099,103","6,764,573","6,942,339","7,256,878","7,386,343"
380,K537,,,,,,"3,547,459","3,504,227","3,451,490","3,702,246","4,063,957","4,375,193","4,778,830"
381,K539,,,,,,"3,292,570","3,364,736","3,374,899","3,427,059","3,569,860","3,509,575","3,444,892"
382,K540,,,,,,"16,821,381","17,049,501","15,187,735","15,691,663","16,625,485","17,573,558","18,866,547"
383,K543,,,,,,"3,260,039","3,257,966","3,448,268","3,535,152","3,500,543","3,624,686","4,195,008"
384,K544,,,,,,"3,881,969","3,734,483","2,503,823","1,699,221","1,188,659",0,
385,K545,,,,,,"5,438,824","4,823,117","4,549,137","4,464,584","4,587,054","4,856,564","5,226,251"
386,K546,,,,,,"2,605,879","2,641,053","2,819,524","2,993,921","3,149,917","3,550,110","3,849,975"
387,K547,,,,,,"3,754,625","3,653,953","3,737,582","3,737,235","3,710,268","3,742,470","3,771,471"
388,K548,,,,,,"2,983,829","3,046,455","2,977,096","2,949,021","2,933,145","3,036,591","2,994,190"
389,K549,,,,,,"3,629,336","3,815,152","4,187,245","4,030,096","3,962,661","4,187,926","4,525,646"
390,K552,,,,,,"4,035,062","3,931,069","3,459,460","3,468,751","3,016,706","3,349,185","2,877,830"
391,K553,,,,,,"2,131,600","2,051,585","1,830,003","1,766,740","1,832,605","1,865,958","1,890,555"
392,K554,,,,,,"1,896,263","1,812,421","1,959,530","2,124,428","2,240,374","2,520,675","2,821,433"
393,K555,,,,,,"3,294,538","3,326,086","3,270,736","3,359,892","3,359,705","3,588,916","3,985,483"
394,K556,,,,,,"3,854,667","3,770,843","3,767,211","3,776,260","3,431,499","3,291,572","3,453,997"
395,K557,,,,,,,,,"1,796,135","2,375,657","2,973,555","3,870,502"
396,K558,,,,,,"3,116,995","3,692,306","4,077,653","4,225,538","4,970,110","5,130,274","5,304,501"
397,K559,,,,,,"1,897,040","2,150,843","2,289,306","2,251,363","2,465,637","2,644,381","2,893,042"
398,K561,,,,,,"3,733,242","3,971,512","4,190,590","4,391,477","4,530,285","4,979,384","5,184,479"
399,K562,,,,,,,,"1,780,586","2,845,708","3,755,190","3,964,659","3,930,923"
400,K563,,,,,,"3,529,128","3,606,783","4,016,930","4,881,255","5,130,258","5,444,075","6,382,936"
401,K564,,,,,,"3,844,964","4,184,475","3,261,451","3,313,870","3,066,745","2,751,438","2,854,965"
402,K566,,,,,,"2,516,660","2,789,284","2,868,127","2,763,312","2,782,130","3,064,579","3,142,554"
403,K567,,,,,,"2,964,132","3,136,557","3,100,072","3,263,823","3,165,853","2,972,320","3,201,810"
404,K568,,,,,,"2,290,075","2,311,439","2,203,169","2,046,213","2,045,325","1,950,207","1,921,307"
405,K569,,,,,,"2,393,332","2,460,897","2,468,010","2,822,211","2,946,805","3,157,405","3,572,267"
406,K571,,,,,,"1,888,945","1,428,288","1,006,513",0,,,
407,K572,,,,,,"1,965,305","1,986,986","2,041,784","2,320,414","2,470,641","2,633,521","2,876,694"
408,K575,,,,,,"1,437,636","1,635,556","1,543,719","1,438,727","1,534,750","1,679,506","1,590,369"
409,K576,,,,,,"2,701,404","2,901,462","2,943,688","2,962,135","2,864,156","2,890,138","3,092,485"
410,K577,,,,,,"3,064,622","3,196,705","3,343,202","3,546,131","3,583,309","3,885,779","4,125,477"
411,K578,,,,,,"2,166,569","2,032,893","2,000,687","1,903,980","1,846,841","2,103,577","2,166,436"
412,K581,,,,,,"2,434,297","2,514,633","2,461,227","3,001,840","3,002,422","2,941,264","2,644,148"
413,K582,,,,,,"2,753,229","2,670,206","2,809,284","2,879,122","2,595,861","2,628,853","3,208,913"
414,K583,,,,,,"3,375,094","3,390,933","3,446,220","3,226,067","2,843,232","2,632,867","2,726,566"
415,K584,,,,,,"2,461,052","2,602,619","2,311,983","2,115,065","1,697,496","1,663,556","1,580,805"
416,K586,,,,,,"5,017,536","4,619,751","4,490,542","4,570,019","4,720,844","5,017,127","5,528,470"
417,K587,,,,,,"3,821,919","3,765,435","2,993,793","2,009,225",0,,
418,K588,,,,,,"2,997,430","3,027,044","3,302,584","3,427,565","2,831,477","2,530,213","2,576,896"
419,K589,,,,,,"2,037,664","2,138,912","2,179,602","2,188,587","2,200,662","2,027,903","2,160,550"
420,K590,,,,,,"5,705,648","5,594,291","5,725,503","6,326,635","6,751,893","7,457,762","7,810,363"
421,K592,,,,,,"1,374,853",,"1,408,832","1,614,833","1,843,330","2,275,856","2,523,968"
422,K594,,,,,,"1,931,178","2,089,941","2,233,016","2,093,192","1,992,599","1,927,877","2,064,115"
423,K595,,,,,,"2,599,952","2,471,066","2,548,194","2,623,391","2,609,426","2,774,116","2,837,488"
424,K596,,,,,,"1,583,478","1,563,485","1,921,832","1,580,897","1,467,635","1,408,523",0
425,K598,,,,,,"2,896,480","2,873,488","2,906,198","2,897,543","2,477,375","1,922,226","1,925,389"
426,K599,,,,,,,,,"1,666,151","2,074,518","2,472,117","3,252,938"
427,K600,,,,,,"13,589,903","12,465,671","12,533,844","12,765,951","13,021,678","13,204,003","12,819,094"
428,K605,,,,,,"8,780,270","8,046,757","7,670,348","6,910,765","5,818,373","6,438,215","7,277,043"
429,K609,,,,,,"2,453,954","2,994,059","3,547,166","3,832,815","3,912,423","4,246,693","4,674,237"
430,K610,,,,,,"8,897,555","8,446,356","6,758,517","5,809,438","5,132,439","5,893,303","5,286,875"
431,K611,,,,,,,,,"1,382,660","1,833,990","3,087,153","4,103,817"
432,K614,,,,,,"1,805,257","2,024,767","2,421,378","2,827,202","3,158,364","2,989,572","3,188,023"
433,K615,,,,,,"11,253,089","10,295,759","9,595,950","9,520,657","9,391,470","9,245,377","9,158,626"
434,K616,,,,,,"1,951,085","1,923,564","1,891,477","2,021,800","2,107,732","2,061,052","2,462,113"
435,K617,,,,,,"2,153,303","2,628,869","2,784,053","2,810,709","2,743,264","2,805,984","2,795,723"
436,K618,,,,,,"2,893,275","3,326,937","3,487,583","3,613,954","3,660,156","4,089,996","4,231,910"
437,K620,,,,,,"11,819,423","10,897,250","8,655,899","7,937,258","7,242,413","7,180,885","7,034,869"
438,K625,,,,,,"6,474,338","3,776,910","3,026,829","1,862,074",0,,
439,K627,,,,,,"1,195,320","1,352,713","1,456,752","1,384,845","1,433,310","1,464,385","3,458,656"
440,K628,,,,,,"1,187,377","1,430,826","1,611,753","1,703,875","1,870,313","2,053,160","2,077,495"
441,K629,,,,,,"2,209,951","2,514,172","2,741,222","2,783,351","2,989,939","3,147,810","3,400,303"
442,K630,,,,,,,,,"1,568,810","1,752,612","2,030,792","2,137,685"
443,K631,,,,,,"4,042,304","4,093,916","2,382,142","1,480,818","1,075,252",0,
444,K632,,,,,,"1,623,041","1,800,639","1,598,162","1,492,845","1,557,191","1,456,224","1,432,186"
445,K633,,,,,,"2,369,589","3,376,615","3,730,756","3,656,408","3,607,295","3,617,698","3,697,198"
446,K634,,,,,,"1,833,231","2,002,137","2,089,042","1,509,725","1,008,035",0,
447,K635,,,,,,"1,908,977","1,782,343","1,830,632","1,764,763","1,938,934","1,905,257","2,453,203"
448,K636,,,,,,"2,033,554","2,080,944","2,090,402","1,938,977","1,996,518","1,824,036",0
449,K637,,,,,,"1,763,191","1,986,002","2,284,290","2,444,277","2,669,991","2,790,334","2,763,075"
450,K639,,,,,,"2,769,365","3,099,864","3,318,149","3,489,670","3,417,024","3,290,642","3,817,048"
451,K642,,,,,,"2,111,634","2,476,693","2,504,247","2,652,611","2,811,414","2,814,276","2,871,323"
452,K643,,,,,,"2,036,506","2,138,982","2,009,541","1,984,678","2,131,291","1,986,764","2,070,668"
453,K644,,,,,,"1,828,905","2,627,503","3,238,209","4,126,406","4,828,271","5,100,536","5,488,718"
454,K645,,,,,,"1,203,563",,,,,,
455,K646,,,,,,"2,311,633","2,362,335","2,347,185","2,363,016","2,612,262","2,592,942","2,595,914"
456,K647,,,,,,"2,257,544","1,783,358","1,814,763","1,816,923","1,786,189","1,807,655","2,267,849"
457,K654,,,,,,,,,"1,507,926","2,160,401","3,063,627","3,383,456"
458,K656,,,,,,"4,614,843","4,518,291","4,909,953","5,397,963","6,414,431","7,061,722","7,184,236"
459,K659,,,,,,"3,207,812","3,109,053","3,277,906","4,086,918","4,001,556","4,213,807","3,200,089"
460,K660,,,,,,"7,426,846","7,548,026","6,132,608","5,896,310","6,265,706","6,483,261","6,626,513"
461,K661,,,,,,,,,"1,512,036","2,388,214","3,597,938","3,969,623"
462,K662,,,,,,,,,"1,792,354","2,951,082","4,434,690","4,706,936"
463,K663,,,,,,,,,"1,134,968","1,348,009","1,621,775","1,812,746"
464,K664,,,,,,,,,"871,477","997,106","1,426,930","1,946,747"
465,K667,,,,,,"5,546,553","7,520,957","9,626,223","10,048,884","10,281,047","10,609,064","11,110,191"
466,K668,,,,,,,,,"1,097,327","1,287,682","1,776,922","1,953,070"
467,K669,,,,,,,,,"1,776,533","2,251,078","2,784,714","2,948,706"
468,K670,,,,,,"4,470,979","4,535,700","4,551,831","4,663,520","4,964,923","5,350,169","5,636,826"
469,K671,,,,,,"780,660","1,208,882","1,888,485","2,125,198","2,091,356","2,335,734","2,160,347"
470,K673,,,,,,"1,920,821","1,789,246","1,611,413","1,647,471","1,942,221","2,059,051","2,431,844"
471,K674,,,,,,"1,921,695","2,523,172","3,032,114","3,383,387","3,453,985","3,603,329","3,734,761"
472,K676,,,,,,"1,959,830","2,576,088","2,780,285","2,594,335","2,445,542","2,428,175","2,342,663"
473,K677,,,,,,"3,485,103","4,377,441","5,015,701","5,228,389","5,653,233","5,835,147","5,877,008"
474,K678,,,,,,"1,470,017","2,072,427","2,100,575","2,409,599","2,629,397","2,727,620","3,200,505"
475,K681,,,,,,,,"1,189,759","1,726,860","2,319,300","2,125,452","2,073,139"
476,K682,,,,,,"1,900,690","2,518,912","3,390,643","4,254,826","5,104,850","5,742,836","6,369,142"
477,K683,,,,,,"1,976,300","2,281,623","2,657,350","2,664,213","2,623,279","2,808,524","2,960,288"
478,K684,,,,,,,"1,494,539","2,235,195","3,688,234","5,356,242","6,219,708","6,918,273"
479,K685,,,,,,"2,400,816","2,420,350","2,399,065","2,538,443","2,628,967","2,667,432","2,880,075"
480,K686,,,,,,"1,458,962","1,811,447","2,322,463","2,854,142","3,148,710","3,675,087","4,340,136"
481,K688,,,,,,"1,364,253","1,518,474","1,374,847","1,518,598","1,583,908","1,520,971","1,489,461"
482,K690,,,,,,"6,676,388","6,713,123","6,432,469","6,299,076","7,051,132","7,338,973","7,926,993"
483,K691,,,,,,"1,137,314","1,694,289","2,173,581","2,369,813","2,318,286","2,628,191","2,645,332"
484,K697,,,,,,"4,090,407","3,790,038","3,934,137","3,330,710","3,453,022","3,062,249","3,438,385"
485,K698,,,,,,"1,581,775","1,584,149","1,542,679","1,554,053","1,658,176","1,753,805","2,169,009"
486,K705,,,,,,,,"2,194,014","2,783,471","3,865,535","4,422,854","4,689,301"
487,K722,,,,,,,,"1,309,831","2,377,263","3,542,679","3,531,233","3,838,263"
488,K728,,,,,,"1,709,803","1,651,656","1,709,245","1,649,182","1,935,307","1,814,516","2,129,899"
489,K745,,,,,,,,"1,117,281","1,720,387","2,100,776","2,867,024","3,097,482"
490,K748,,,,,,"1,448,187","1,898,572","2,591,465","3,396,044","4,169,100","4,793,107","4,580,529"
491,K751,,,,,,"1,088,929","1,434,512","1,944,770","2,812,913","3,485,301","3,380,900","3,622,166"
492,K760,,,,,,,,,,"1,165,297","1,858,242","2,846,442"
493,K763,,,,,,,,,,"928,234","1,601,028","2,417,673"
494,K764,,,,,,,,,,"936,553","1,365,587","2,375,907"
495,K765,,,,,,,,,,"1,243,907","1,920,869","2,428,573"
496,K770,,,,,,"1,458,326","1,591,257","1,730,881","2,277,090","2,491,625","2,816,537","2,908,693"
497,K821,,,,,,"3,725,964","3,814,160","3,829,987","4,110,312","4,344,682","4,418,017","4,654,134"
498,K839,,,,,,,,,,,"1,278,571","2,132,104"
499,K889,,,,,,,,,,,,
500,K890,,,,,,,,,,,,
501,K971,,,,,,"1,346,777","1,660,342","2,024,328","2,477,839","3,043,994","3,402,119","3,750,250"
502,M001,,,,,,"4,850,982","4,808,233","4,889,143","4,770,467","4,889,400","4,956,825","4,802,138"
503,M002,,,,,,"7,062,255","6,870,880","6,938,698","7,105,487","6,776,368","6,949,354","7,189,914"
504,M003,,,,,,"5,419,033","5,507,125","5,820,438","5,905,717","6,236,384","6,593,551","6,830,206"
505,M004,,,,,,"6,176,023","6,014,445","6,192,173","6,434,871","6,125,421","6,263,760","6,977,342"
506,M005,,,,,,"6,781,925","6,429,408","6,662,967","6,644,259","6,843,879","6,887,206","7,225,130"
507,M006,,,,,,"5,783,719","5,415,147","5,415,973","5,329,466","5,413,726","5,575,087","5,897,228"
508,M007,,,,,,"3,589,990","3,360,178","3,534,068","3,582,328","3,766,108","3,865,204","4,210,716"
509,M008,,,,,,"5,430,256","4,926,457","4,889,673","4,973,615","5,285,681","5,576,556","6,113,007"
510,M009,,,,,,"4,743,242","4,531,032","4,795,779","5,122,060","5,152,635","5,614,639","5,756,829"
511,M011,,,,,,"5,224,587","5,313,183","5,401,403","5,866,535","6,427,470","6,893,300","7,259,366"
512,M012,,,,,,"2,681,337","2,603,497","2,612,610","2,804,065","2,927,536","3,298,913","3,433,026"
513,M013,,,,,,"3,763,829","3,264,619","2,855,818","1,986,833","1,247,983",0,
514,M015,,,,,,"2,814,527","2,793,939","2,516,840","2,974,669","3,071,623","3,473,235","3,641,163"
515,M018,,,,,,"3,764,228","3,720,108","3,847,919","3,762,714","3,684,101","4,128,522","4,004,137"
516,M019,,,,,,"3,584,212","3,892,055","3,825,671","4,082,897","4,406,847","4,685,476","4,952,701"
517,M020,,,,,,"5,790,543","5,480,524","5,470,927","5,589,488","5,575,072","5,559,122","5,669,018"
518,M028,,,,,,"8,262,953","8,115,621","7,662,248","7,621,989","7,347,998","7,489,292","7,712,862"
519,M030,,,,,,"6,037,949","5,951,592","5,827,040","5,861,502","5,653,116","5,646,783","5,622,987"
520,M033,,,,,,"3,596,449","3,900,743","3,969,275","4,088,503","4,483,323","4,787,361","4,660,050"
521,M034,,,,,,"4,692,736","4,482,414","4,514,246","4,419,436","4,253,000","4,655,103","4,769,360"
522,M036,,,,,,"6,082,330","6,168,508","5,616,867","5,870,482","5,861,153","5,919,801","6,140,881"
523,M037,,,,,,"2,518,758","2,371,291","2,351,227","2,193,719","2,353,610","2,241,036","2,089,843"
524,M038,,,,,,"3,404,192","3,286,038","3,401,640","3,330,334","3,144,362","3,349,161","3,386,068"
525,M040,,,,,,"4,544,622","4,603,433","4,549,627","4,546,531","4,858,691","5,192,204","5,594,792"
526,M041,,,,,,"5,440,314","5,265,217","5,319,109","5,333,974","5,556,029","5,941,845","6,061,915"
527,M042,,,,,,"6,899,545","6,612,679","6,564,589","6,475,248","6,356,722","6,885,977","7,090,281"
528,M044,,,,,,"1,873,886",,,,,,
529,M045,,,,,,"3,899,339","3,234,503","2,529,224",0,,,
530,M046,,,,,,"6,231,329","6,430,396","6,519,301","6,614,761","7,229,395","6,864,125","7,475,646"
531,M047,,,,,,"2,798,953","2,602,860","2,584,057","2,751,651","2,595,904","2,638,436","2,830,000"
532,M048,,,,,,"5,780,747","5,989,865","6,191,363","6,061,037","5,884,178","6,052,656","6,460,473"
533,M050,,,,,,"4,719,016","4,030,593","4,097,545","3,983,309","4,097,208","4,713,070","4,441,006"
534,M051,,,,,,"3,011,574","2,876,921","2,949,144","3,085,203","3,451,162","3,876,965","4,381,899"
535,M052,,,,,,"7,547,609","6,819,759","6,065,302","5,383,893","5,161,832","4,802,638","4,381,151"
536,M054,,,,,,"5,441,818","5,119,528","5,131,052","5,286,728","5,209,123","5,650,717","5,874,200"
537,M057,,,,,,"6,712,341","6,473,990","6,685,823","7,314,511","7,693,856","8,165,811","8,274,512"
538,M059,,,,,,"3,982,429","3,988,526","4,214,886","4,253,506","4,379,264","4,714,188","4,688,981"
539,M063,,,,,,"2,811,327","2,704,021","2,735,132","2,742,847","2,996,822","3,215,499","3,302,100"
540,M064,,,,,,"3,952,391","4,031,617","4,066,337","3,684,735","3,728,297","3,736,216","3,559,663"
541,M072,,,,,,"5,525,107","5,500,285","5,453,918","5,372,403","5,633,148","6,467,820","7,147,010"
542,M075,,,,,,"5,550,895","5,353,899","5,150,898","5,895,289","6,382,565","6,969,885","8,170,300"
543,M076,,,,,,"4,455,834","4,641,182","4,780,290","4,714,419","4,713,810","4,748,907","5,177,139"
544,M077,,,,,,"2,830,368","2,795,799","2,628,221","2,455,191","2,332,953","2,557,379","2,768,599"
545,M083,,,,,,"3,590,428","3,447,728","3,586,795","3,956,033","4,068,921","4,029,224","4,368,897"
546,M084,,,,,,"4,263,131","4,652,568","4,592,789","4,628,916","4,566,057","4,686,181","5,570,859"
547,M087,,,,,,"6,756,576","7,260,822","7,540,485","7,180,248","7,123,855","7,389,295","7,644,998"
548,M089,,,,,,"3,971,789","3,911,873",,,,,
549,M092,,,,,,,,,,,,
550,M096,,,,,,,,,,,,
551,M098,,,,,,,,,,,,
552,M102,,,,,,,,,,,,
553,M103,,,,,,,,,,,,
554,M104,,,,,,,,,,,,
555,M108,,,,,,,,,,,,
556,M110,,,,,,,,,,,,
557,M111,,,,,,,,,,,,
558,M112,,,,,,,,,,,,
559,M114,,,,,,,,,,,,
560,M115,,,,,,,,,,,,
561,M116,,,,,,,,,,,,
562,M123,,,,,,,,,,,,
563,M124,,,,,,,,,,,,
564,M125,,,,,,,,,,,,
565,M126,,,,,,,,,,,,
566,M128,,,,,,,,,,,,
567,M129,,,,,,,,,,,,
568,M130,,,,,,,,,,,,
569,M131,,,,,,,,,,,,
570,M132,,,,,,,,,,,,
571,M133,,,,,,,,,,,,
572,M134,,,,,,,,,,,,
573,M135,,,,,,,,,,,,
574,M137,,,,,,,,,,,,
575,M139,,,,,,,,,,,,
576,M140,,,,,,,,,,,,
577,M142,,,,,,,,,,,,
578,M143,,,,,,,,,,,,
579,M145,,,,,,,,,,,,
580,M146,,,,,,,,,,,,
581,M148,,,,,,,,,,,,
582,M149,,,,,,,,,,,,
583,M150,,,,,,,,,,,,
584,M151,,,,,,,,,,,,
585,M152,,,,,,,,,,,,
586,M153,,,,,,,,,,,,
587,M154,,,,,,,,,,,,
588,M155,,,,,,,,,,,,
589,M157,,,,,,,,,,,,
590,M158,,,,,,,,,,,,
591,M161,,,,,,,,,,,,
592,M163,,,,,,,,,,,,
593,M165,,,,,,,,,,,,
594,M166,,,,,,,,,,,,
595,M167,,,,,,,,,,,,
596,M171,,,,,,,,,,,,
597,M173,,,,,,,,,,,,
598,M175,,,,,,,,,,,,
599,M177,,,,,,,,,,,,
600,M178,,,,,,,,,,,,
601,M180,,,,,,,,,,,,
602,M182,,,,,,,,,,,,
603,M183,,,,,,,,,,,,
604,M184,,,,,,,,,,,,
605,M185,,,,,,,,,,,,
606,M187,,,,,,,,,,,,
607,M188,,,,,,,,,,,,
608,M189,,,,,,,,,,,,
609,M191,,,,,,,,,,,,
610,M192,,,,,,,,,,,,
611,M194,,,,,,,,,,,,
612,M195,,,,,,,,,,,,
613,M197,,,,,,,,,,,,
614,M198,,,,,,,,,,,,
615,M199,,,,,,,,,,,,
616,M200,,,,,,,,,,,,
617,M206,,,,,,,,,,,,
618,M208,,,,,,,,,,,,
619,M209,,,,,,,,,,,,
620,M210,,,,,,,,,,,,
621,M211,,,,,,,,,,,,
622,M212,,,,,,,,,,,,
623,M217,,,,,,,,,,,,
624,M218,,,,,,,,,,,,
625,M223,,,,,,,,,,,,
626,M224,,,,,,,,,,,,
627,M225,,,,,,,,,,,,
628,M234,,,,,,,,,,,,
629,M241,,,,,,,,,,,,
630,M242,,,,,,,,,,,,
631,M243,,,,,,,,,,,,
632,M245,,,,,,,,,,,,
633,M247,,,,,,,,,,,,
634,M250,,,,,,,,,,,,
635,M255,,,,,,,,,,,,
636,M256,,,,,,,,,,,,
637,M258,,,,,,,,,,,,
638,M260,,,,,,,,,,,,
639,M267,,,,,,,,,,,,
640,M276,,,,,,,,,,,,
641,M278,,,,,,,,,,,,
642,M280,,,,,,,,,,,,
643,M281,,,,,,,,,,,,
644,M282,,,,,,,,,,,,
645,M283,,,,,,,,,,,,
646,M285,,,,,,,,,,,,
647,M286,,,,,,,,,,,,
648,M288,,,,,,,,,,,,
649,M289,,,,,,,,,,,,
650,M290,,,,,,,,,,,,
651,M291,,,,,,,,,,,,
652,M292,,,,,,,,,,,,
653,M293,,,,,,,,,,,,
654,M294,,,,,,,,,,,,
655,M296,,,,,,,,,,,,
656,M297,,,,,,,,,,,,
657,M298,,,,,,,,,,,,
658,M299,,,,,,,,,,,,
659,M300,,,,,,,,,,,,
660,M301,,,,,,,,,,,,
661,M302,,,,,,,,,,,,
662,M303,,,,,,,,,,,,
663,M304,,,,,,,,,,,,
664,M305,,,,,,,,,,,,
665,M307,,,,,,,,,,,,
666,M308,,,,,,,,,,,,
667,M311,,,,,,,,,,,,
668,M312,,,,,,,,,,,,
669,M313,,,,,,,,,,,,
670,M314,,,,,,,,,,,,
671,M315,,,,,,,,,,,,
672,M316,,,,,,,,,,,,
673,M317,,,,,,,,,,,,
674,M318,,,,,,,,,,,,
675,M319,,,,,,,,,,,,
676,M321,,,,,,,,,,,,
677,M322,,,,,,,,,,,,
678,M324,,,,,,,,,,,,
679,M325,,,,,,,,,,,,
680,M326,,,,,,,,,,,,
681,M328,,,,,,,,,,,,
682,M332,,,,,,,,,,,,
683,M333,,,,,,,,,,,,
684,M334,,,,,,,,,,,,
685,M340,,,,,,,,,,,,
686,M343,,,,,,,,,,,,
687,M344,,,,,,,,,,,,
688,M345,,,,,,,,,,,,
689,M346,,,,,,,,,,,,
690,M347,,,,,,,,,,,,
691,M348,,,,,,,,,,,,
692,M349,,,,,,,,,,,,
693,M361,,,,,,,,,,,,
694,M362,,,,,,,,,,,,
695,M363,,,,,,,,,,,,
696,M364,,,,,,,,,,,,
697,M366,,,,,,,,,,,,
698,M367,,,,,,,,,,,,
699,M368,,,,,,,,,,,,
700,M369,,,,,,,,,,,,
701,M372,,,,,,,,,,,,
702,M374,,,,,,,,,,,,
703,M375,,,,,,,,,,,,
704,M376,,,,,,,,,,,,
705,M377,,,,,,,,,,,,
706,M378,,,,,,,,,,,,
707,M381,,,,,,,,,,,,
708,M392,,,,,,,,,,,,
709,M393,,,,,,,,,,,,
710,M394,,,,,,,,,,,,
711,M397,,,,,,,,,,,,
712,M399,,,,,,,,,,,,
713,M400,,,,,,,,,,,,
714,M402,,,,,,,,,,,,
715,M403,,,,,,,,,,,,
716,M404,,,,,,,,,,,,
717,M406,,,,,,,,,,,,
718,M407,,,,,,,,,,,,
719,M408,,,,,,,,,,,,
720,M409,,,,,,,,,,,,
721,M410,,,,,,,,,,,,
722,M411,,,,,,,,,,,,
723,M412,,,,,,,,,,,,
724,M413,,,,,,,,,,,,
725,M414,,,,,,,,,,,,
726,M415,,,,,,,,,,,,
727,M416,,,,,,,,,,,,
728,M417,,,,,,,,,,,,
729,M418,,,,,,,,,,,,
730,M419,,,,,,,,,,,,
731,M420,,,,,,,,,,,,
732,M421,,,,,,,,,,,,
733,M422,,,,,,,,,,,,
734,M423,,,,,,,,,,,,
735,M425,,,,,,,,,,,,
736,M427,,,,,,,,,,,,
737,M429,,,,,,,,,,,,
738,M432,,,,,,,,,,,,
739,M435,,,,,,,,,,,,
740,M437,,,,,,,,,,,,
741,M438,,,,,,,,,,,,
742,M439,,,,,,,,,,,,
743,M440,,,,,,,,,,,,
744,M442,,,,,,,,,,,,
745,M448,,,,,,,,,,,,
746,M449,,,,,,,,,,,,
747,M450,,,,,,,,,,,,
748,M452,,,,,,,,,,,,
749,M458,,,,,,,,,,,,
750,M459,,,,,,,,,,,,
751,M460,,,,,,,,,,,,
752,M462,,,,,,,,,,,,
753,M463,,,,,,,,,,,,
754,M467,,,,,,,,,,,,
755,M468,,,,,,,,,,,,
756,M469,,,,,,,,,,,,
757,M470,,,,,,,,,,,,
758,M475,,,,,,,,,,,,
759,M479,,,,,,,,,,,,
760,M485,,,,,,,,,,,,
761,M489,,,,,,,,,,,,
762,M492,,,,,,,,,,,,
763,M494,,,,,,,,,,,,
764,M495,,,,,,,,,,,,
765,M499,,,,,,,,,,,,
766,M500,,,,,,,,,,,,
767,M505,,,,,,,,,,,,
768,M507,,,,,,,,,,,,
769,M509,,,,,,,,,,,,
770,M514,,,,,,,,,,,,
771,M515,,,,,,,,,,,,
772,M517,,,,,,,,,,,,
773,M519,,,,,,,,,,,,
774,M520,,,,,,,,,,,,
775,M527,,,,,,,,,,,,
776,M528,,,,,,,,,,,,
777,M529,,,,,,,,,,,,
778,M531,,,,,,,,,,,,
779,M533,,,,,,,,,,,,
780,M534,,,,,,,,,,,,
781,M539,,,,,,,,,,,,
782,M540,,,,,,,,,,,,
783,M541,,,,,,,,,,,,
784,M542,,,,,,,,,,,,
785,M543,,,,,,,,,,,,
786,M544,,,,,,,,,,,,
787,M545,,,,,,,,,,,,
788,M546,,,,,,,,,,,,
789,M550,,,,,,,,,,,,
790,M551,,,,,,,,,,,,
791,M552,,,,,,,,,,,,
792,M555,,,,,,,,,,,,
793,M560,,,,,,,,,,,,
794,M570,,,,,,,,,,,,
795,M575,,,,,,,,,,,,
796,M580,,,,,,,,,,,,
797,M586,,,,,,,,,,,,
798,M600,,,,,,,,,,,,
799,M605,,,,,,,,,,,,
800,M610,,,,,,,,,,,,
801,M615,,,,,,,,,,,,
802,M620,,,,,,,,,,,,
803,M625,,,,,,,,,,,,
804,M630,,,,,,,,,,,,
805,M635,,,,,,,,,,,,
806,M650,,,,,,,,,,,,
807,M655,,,,,,,,,,,,
808,M670,,,,,,,,,,,,
809,M680,,,,,,,,,,,,
810,M685,,,,,,,,,,,,
811,M692,,,,,,,,,,,,
812,M696,,,,,,,,,,,,
813,M825,,,,,,,,,,,,
814,M839,,,,,,,,,,,,
815,M859,,,,,,,,,,,,
816,M860,,,,,,,,,,,,
817,M862,,,,,,,,,,,,
818,M896,,,,,,,,,,,,
819,M933,,,,,,,,,,,,
820,M964,,,,,,,,,,,,
821,Q002,,,,,,,,,,,,
822,Q005,,,,,,,,,,,,
823,Q007,,,,,,,,,,,,
824,Q008,,,,,,,,,,,,
825,Q010,,,,,,,,,,,,
826,Q011,,,,,,,,,,,,
827,Q012,,,,,,,,,,,,
828,Q013,,,,,,,,,,,,
829,Q014,,,,,,,,,,,,
830,Q015,,,,,,,,,,,,
831,Q016,,,,,,,,,,,,
832,Q017,,,,,,,,,,,,
833,Q018,,,,,,,,,,,,
834,Q019,,,,,,,,,,,,
835,Q020,,,,,,,,,,,,
836,Q021,,,,,,,,,,,,
837,Q022,,,,,,,,,,,,
838,Q024,,,,,,,,,,,,
839,Q025,,,,,,,,,,,,
840,Q026,,,,,,,,,,,,
841,Q028,,,,,,,,,,,,
842,Q029,,,,,,,,,,,,
843,Q030,,,,,,,,,,,,
844,Q031,,,,,,,,,,,,
845,Q032,,,,,,,,,,,,
846,Q033,,,,,,,,,,,,
847,Q034,,,,,,,,,,,,
848,Q035,,,,,,,,,,,,
849,Q036,,,,,,,,,,,,
850,Q037,,,,,,,,,,,,
851,Q038,,,,,,,,,,,,
852,Q040,,,,,,,,,,,,
853,Q041,,,,,,,,,,,,
854,Q042,,,,,,,,,,,,
855,Q043,,,,,,,,,,,,
856,Q045,,,,,,,,,,,,
857,Q046,,,,,,,,,,,,
858,Q047,,,,,,,,,,,,
859,Q048,,,,,,,,,,,,
860,Q049,,,,,,,,,,,,
861,Q050,,,,,,,,,,,,
862,Q051,,,,,,,,,,,,
863,Q052,,,,,,,,,,,,
864,Q053,,,,,,,,,,,,
865,Q054,,,,,,,,,,,,
866,Q055,,,,,,,,,,,,
867,Q056,,,,,,,,,,,,
868,Q058,,,,,,,,,,,,
869,Q059,,,,,,,,,,,,
870,Q060,,,,,,,,,,,,
871,Q061,,,,,,,,,,,,
872,Q062,,,,,,,,,,,,
873,Q063,,,,,,,,,,,,
874,Q064,,,,,,,,,,,,
875,Q065,,,,,,,,,,,,
876,Q066,,,,,,,,,,,,
877,Q067,,,,,,,,,,,,
878,Q068,,,,,,,,,,,,
879,Q069,,,,,,,,,,,,
880,Q070,,,,,,,,,,,,
881,Q071,,,,,,,,,,,,
882,Q072,,,,,,,,,,,,
883,Q073,,,,,,,,,,,,
884,Q074,,,,,,,,,,,,
885,Q076,,,,,,,,,,,,
886,Q077,,,,,,,,,,,,
887,Q078,,,,,,,,,,,,
888,Q079,,,,,,,,,,,,
889,Q080,,,,,,,,,,,,
890,Q081,,,,,,,,,,,,
891,Q082,,,,,,,,,,,,
892,Q084,,,,,,,,,,,,
893,Q085,,,,,,,,,,,,
894,Q086,,,,,,,,,,,,
895,Q087,,,,,,,,,,,,
896,Q088,,,,,,,,,,,,
897,Q089,,,,,,,,,,,,
898,Q090,,,,,,,,,,,,
899,Q091,,,,,,,,,,,,
900,Q092,,,,,,,,,,,,
901,Q093,,,,,,,,,,,,
902,Q094,,,,,,,,,,,,
903,Q095,,,,,,,,,,,,
904,Q096,,,,,,,,,,,,
905,Q097,,,,,,,,,,,,
906,Q098,,,,,,,,,,,,
907,Q099,,,,,,,,,,,,
908,Q100,,,,,,,,,,,,
909,Q101,,,,,,,,,,,,
910,Q102,,,,,,,,,,,,
911,Q104,,,,,,,,,,,,
912,Q105,,,,,,,,,,,,
913,Q106,,,,,,,,,,,,
914,Q107,,,,,,,,,,,,
915,Q108,,,,,,,,,,,,
916,Q109,,,,,,,,,,,,
917,Q110,,,,,,,,,,,,
918,Q111,,,,,,,,,,,,
919,Q112,,,,,,,,,,,,
920,Q113,,,,,,,,,,,,
921,Q114,,,,,,,,,,,,
922,Q115,,,,,,,,,,,,
923,Q116,,,,,,,,,,,,
924,Q117,,,,,,,,,,,,
925,Q118,,,,,,,,,,,,
926,Q119,,,,,,,,,,,,
927,Q120,,,,,,,,,,,,
928,Q121,,,,,,,,,,,,
929,Q122,,,,,,,,,,,,
930,Q123,,,,,,,,,,,,
931,Q124,,,,,,,,,,,,
932,Q125,,,,,,,,,,,,
933,Q126,,,,,,,,,,,,
934,Q127,,,,,,,,,,,,
935,Q128,,,,,,,,,,,,
936,Q129,,,,,,,,,,,,
937,Q130,,,,,,,,,,,,
938,Q131,,,,,,,,,,,,
939,Q132,,,,,,,,,,,,
940,Q133,,,,,,,,,,,,
941,Q134,,,,,,,,,,,,
942,Q135,,,,,,,,,,,,
943,Q136,,,,,,,,,,,,
944,Q137,,,,,,,,,,,,
945,Q138,,,,,,,,,,,,
946,Q139,,,,,,,,,,,,
947,Q140,,,,,,,,,,,,
948,Q141,,,,,,,,,,,,
949,Q143,,,,,,,,,,,,
950,Q144,,,,,,,,,,,,
951,Q145,,,,,,,,,,,,
952,Q146,,,,,,,,,,,,
953,Q147,,,,,,,,,,,,
954,Q148,,,,,,,,,,,,
955,Q149,,,,,,,,,,,,
956,Q150,,,,,,,,,,,,
957,Q151,,,,,,,,,,,,
958,Q152,,,,,,,,,,,,
959,Q153,,,,,,,,,,,,
960,Q154,,,,,,,,,,,,
961,Q155,,,,,,,,,,,,
962,Q156,,,,,,,,,,,,
963,Q157,,,,,,,,,,,,
964,Q158,,,,,,,,,,,,
965,Q159,,,,,,,,,,,,
966,Q160,,,,,,,,,,,,
967,Q161,,,,,,,,,,,,
968,Q162,,,,,,,,,,,,
969,Q163,,,,,,,,,,,,
970,Q164,,,,,,,,,,,,
971,Q165,,,,,,,,,,,,
972,Q166,,,,,,,,,,,,
973,Q167,,,,,,,,,,,,
974,Q169,,,,,,,,,,,,
975,Q171,,,,,,,,,,,,
976,Q172,,,,,,,,,,,,
977,Q173,,,,,,,,,,,,
978,Q174,,,,,,,,,,,,
979,Q175,,,,,,,,,,,,
980,Q176,,,,,,,,,,,,
981,Q178,,,,,,,,,,,,
982,Q181,,,,,,,,,,,,
983,Q182,,,,,,,,,,,,
984,Q183,,,,,,,,,,,,
985,Q184,,,,,,,,,,,,
986,Q185,,,,,,,,,,,,
987,Q186,,,,,,,,,,,,
988,Q188,,,,,,,,,,,,
989,Q189,,,,,,,,,,,,
990,Q190,,,,,,,,,,,,
991,Q191,,,,,,,,,,,,
992,Q192,,,,,,,,,,,,
993,Q193,,,,,,,,,,,,
994,Q194,,,,,,,,,,,,
995,Q195,,,,,,,,,,,,
996,Q196,,,,,,,,,,,,
997,Q197,,,,,,,,,,,,
998,Q199,,,,,,,,,,,,
999,Q200,,,,,,,,,,,,
1000,Q201,,,,,,,,,,,,
1001,Q202,,,,,,,,,,,,
1002,Q203,,,,,,,,,,,,
1003,Q204,,,,,,,,,,,,
1004,Q205,,,,,,,,,,,,
1005,Q206,,,,,,,,,,,,
1006,Q207,,,,,,,,,,,,
1007,Q208,,,,,,,,,,,,
1008,Q209,,,,,,,,,,,,
1009,Q210,,,,,,,,,,,,
1010,Q211,,,,,,,,,,,,
1011,Q212,,,,,,,,,,,,
1012,Q213,,,,,,,,,,,,
1013,Q214,,,,,,,,,,,,
1014,Q215,,,,,,,,,,,,
1015,Q216,,,,,,,,,,,,
1016,Q217,,,,,,,,,,,,
1017,Q219,,,,,,,,,,,,
1018,Q220,,,,,,,,,,,,
1019,Q221,,,,,,,,,,,,
1020,Q222,,,,,,,,,,,,
1021,Q223,,,,,,,,,,,,
1022,Q225,,,,,,,,,,,,
1023,Q226,,,,,,,,,,,,
1024,Q227,,,,,,,,,,,,
1025,Q228,,,,,,,,,,,,
1026,Q229,,,,,,,,,,,,
1027,Q230,,,,,,,,,,,,
1028,Q231,,,,,,,,,,,,
1029,Q232,,,,,,,,,,,,
1030,Q234,,,,,,,,,,,,
1031,Q235,,,,,,,,,,,,
1032,Q236,,,,,,,,,,,,
1033,Q237,,,,,,,,,,,,
1034,Q238,,,,,,,,,,,,
1035,Q239,,,,,,,,,,,,
1036,Q240,,,,,,,,,,,,
1037,Q241,,,,,,,,,,,,
1038,Q242,,,,,,,,,,,,
1039,Q243,,,,,,,,,,,,
1040,Q244,,,,,,,,,,,,
1041,Q248,,,,,,,,,,,,
1042,Q250,,,,,,,,,,,,
1043,Q251,,,,,,,,,,,,
1044,Q252,,,,,,,,,,,,
1045,Q253,,,,,,,,,,,,
1046,Q254,,,,,,,,,,,,
1047,Q258,,,,,,,,,,,,
1048,Q259,,,,,,,,,,,,
1049,Q260,,,,,,,,,,,,
1050,Q261,,,,,,,,,,,,
1051,Q262,,,,,,,,,,,,
1052,Q263,,,,,,,,,,,,
1053,Q264,,,,,,,,,,,,
1054,Q265,,,,,,,,,,,,
1055,Q266,,,,,,,,,,,,
1056,Q267,,,,,,,,,,,,
1057,Q268,,,,,,,,,,,,
1058,Q270,,,,,,,,,,,,
1059,Q272,,,,,,,,,,,,
1060,Q273,,,,,,,,,,,,
1061,Q280,,,,,,,,,,,,
1062,Q281,,,,,,,,,,,,
1063,Q282,,,,,,,,,,,,
1064,Q283,,,,,,,,,,,,
1065,Q284,,,,,,,,,,,,
1066,Q285,,,,,,,,,,,,
1067,Q286,,,,,,,,,,,,
1068,Q287,,,,,,,,,,,,
1069,Q289,,,,,,,,,,,,
1070,Q290,,,,,,,,,,,,
1071,Q291,,,,,,,,,,,,
1072,Q293,,,,,,,,,,,,
1073,Q294,,,,,,,,,,,,
1074,Q295,,,,,,,,,,,,
1075,Q296,,,,,,,,,,,,
1076,Q297,,,,,,,,,,,,
1077,Q299,,,,,,,,,,,,
1078,Q300,,,,,,,,,,,,
1079,Q301,,,,,,,,,,,,
1080,Q302,,,,,,,,,,,,
1081,Q303,,,,,,,,,,,,
1082,Q305,,,,,,,,,,,,
1083,Q306,,,,,,,,,,,,
1084,Q307,,,,,,,,,,,,
1085,Q308,,,,,,,,,,,,
1086,Q309,,,,,,,,,,,,
1087,Q310,,,,,,,,,,,,
1088,Q311,,,,,,,,,,,,
1089,Q312,,,,,,,,,,,,
1090,Q313,,,,,,,,,,,,
1091,Q314,,,,,,,,,,,,
1092,Q315,,,,,,,,,,,,
1093,Q316,,,,,,,,,,,,
1094,Q317,,,,,,,,,,,,
1095,Q318,,,,,,,,,,,,
1096,Q319,,,,,,,,,,,,
1097,Q323,,,,,,,,,,,,
1098,Q324,,,,,,,,,,,,
1099,Q325,,,,,,,,,,,,
1100,Q326,,,,,,,,,,,,
1101,Q327,,,,,,,,,,,,
1102,Q328,,,,,,,,,,,,
1103,Q329,,,,,,,,,,,,
1104,Q330,,,,,,,,,,,,
1105,Q332,,,,,,,,,,,,
1106,Q333,,,,,,,,,,,,
1107,Q334,,,,,,,,,,,,
1108,Q338,,,,,,,,,,,,
1109,Q343,,,,,,,,,,,,
1110,Q349,,,,,,,,,,,,
1111,Q350,,,,,,,,,,,,
1112,Q351,,,,,,,,,,,,
1113,Q354,,,,,,,,,,,,
1114,Q355,,,,,,,,,,,,
1115,Q356,,,,,,,,,,,,
1116,Q358,,,,,,,,,,,,
1117,Q360,,,,,,,,,,,,
1118,Q361,,,,,,,,,,,,
1119,Q362,,,,,,,,,,,,
1120,Q376,,,,,,,,,,,,
1121,Q377,,,,,,,,,,,,
1122,Q400,,,,,,,,,,,,
1123,Q410,,,,,,,,,,,,
1124,Q415,,,,,,,,,,,,
1125,Q425,,,,,,,,,,,,
1126,Q430,,,,,,,,,,,,
1127,Q435,,,,,,,,,,,,
1128,Q440,,,,,,,,,,,,
1129,Q445,,,,,,,,,,,,
1130,Q450,,,,,,,,,,,,
1131,Q455,,,,,,,,,,,,
1132,Q460,,,,,,,,,,,,
1133,Q465,,,,,,,,,,,,
1134,Q470,,,,,,,,,,,,
1135,Q475,,,,,,,,,,,,
1136,Q480,,,,,,,,,,,,
1137,Q485,,,,,,,,,,,,
1138,Q492,,,,,,,,,,,,
1139,Q494,,,,,,,,,,,,
1140,Q495,,,,,,,,,,,,
1141,Q496,,,,,,,,,,,,
1142,Q498,,,,,,,,,,,,
1143,Q499,,,,,,,,,,,,
1144,Q501,,,,,,,,,,,,
1145,Q502,,,,,,,,,,,,
1146,Q505,,,,,,,,,,,,
1147,Q520,,,,,,,,,,,,
1148,Q525,,,,,,,,,,,,
1149,Q530,,,,,,,,,,,,
1150,Q540,,,,,,,,,,,,
1151,Q550,,,,,,,,,,,,
1152,Q555,,,,,,,,,,,,
1153,Q560,,,,,,,,,,,,
1154,Q566,,,,,,,,,,,,
1155,Q575,,,,,,,,,,,,
1156,Q580,,,,,,,,,,,,
1157,Q585,,,,,,,,,,,,
1158,Q600,,,,,,,,,,,,
1159,Q610,,,,,,,,,,,,
1160,Q620,,,,,,,,,,,,
1161,Q650,,,,,,,,,,,,
1162,Q670,,,,,,,,,,,,
1163,Q680,,,,,,,,,,,,
1164,Q686,,,,,,,,,,,,
1165,Q687,,,,,,,,,,,,
1166,Q690,,,,,,,,,,,,
1167,Q744,,,,,,,,,,,,
1168,Q792,,,,,,,,,,,,
1169,Q877,,,,,,,,,,,,
1170,Q896,,,,,,,,,,,,
1171,R001,,,,,,,,,,,,
1172,R002,,,,,,,,,,,,
1173,R003,,,,,,,,,,,,
1174,R004,,,,,,,,,,,,
1175,R005,,,,,,,,,,,,
1176,R006,,,,,,,,,,,,
1177,R007,,,,,,,,,,,,
1178,R008,,,,,,,,,,,,
1179,R009,,,,,,,,,,,,
1180,R010,,,,,,,,,,,,
1181,R011,,,,,,,,,,,,
1182,R013,,,,,,,,,,,,
1183,R014,,,,,,,,,,,,
1184,R016,,,,,,,,,,,,
1185,R018,,,,,,,,,,,,
1186,R019,,,,,,,,,,,,
1187,R020,,,,,,,,,,,,
1188,R021,,,,,,,,,,,,
1189,R022,,,,,,,,,,,,
1190,R023,,,,,,,,,,,,
1191,R024,,,,,,,,,,,,
1192,R026,,,,,,,,,,,,
1193,R027,,,,,,,,,,,,
1194,R028,,,,,,,,,,,,
1195,R029,,,,,,,,,,,,
1196,R030,,,,,,,,,,,,
1197,R031,,,,,,,,,,,,
1198,R032,,,,,,,,,,,,
1199,R034,,,,,,,,,,,,
1200,R035,,,,,,,,,,,,
1201,R036,,,,,,,,,,,,
1202,R038,,,,,,,,,,,,
1203,R039,,,,,,,,,,,,
1204,R041,,,,,,,,,,,,
1205,R042,,,,,,,,,,,,
1206,R044,,,,,,,,,,,,
1207,R045,,,,,,,,,,,,
1208,R046,,,,,,,,,,,,
1209,R047,,,,,,,,,,,,
1210,R048,,,,,,,,,,,,
1211,R049,,,,,,,,,,,,
1212,R050,,,,,,,,,,,,
1213,R051,,,,,,,,,,,,
1214,R052,,,,,,,,,,,,
1215,R053,,,,,,,,,,,,
1216,R054,,,,,,,,,,,,
1217,R055,,,,,,,,,,,,
1218,R056,,,,,,,,,,,,
1219,R057,,,,,,,,,,,,
1220,R058,,,,,,,,,,,,
1221,R059,,,,,,,,,,,,
1222,R060,,,,,,,,,,,,
1223,R061,,,,,,,,,,,,
1224,R062,,,,,,,,,,,,
1225,R063,,,,,,,,,,,,
1226,R064,,,,,,,,,,,,
1227,R065,,,,,,,,,,,,
1228,R068,,,,,,,,,,,,
1229,R069,,,,,,,,,,,,
1230,R072,,,,,,,,,,,,
1231,R074,,,,,,,,,,,,
1232,R075,,,,,,,,,,,,
1233,R078,,,,,,,,,,,,
1234,R080,,,,,,,,,,,,
1235,R440,,,,,,,,,,,,
1236,R445,,,,,,,,,,,,
1237,R450,,,,,,,,,,,,
1238,R455,,,,,,,,,,,,
1239,R460,,,,,,,,,,,,
1240,R470,,,,,,,,,,,,
1241,R600,,,,,,,,,,,,
1242,R605,,,,,,,,,,,,
1243,R861,,,,,,,,,,,,
1244,X001,,,,,,,,,,,,
1245,X002,,,,,,,,,,,,
1246,X003,,,,,,,,,,,,
1247,X004,,,,,,,,,,,,
1248,X005,,,,,,,,,,,,
1249,X006,,,,,,,,,,,,
1250,X007,,,,,,,,,,,,
1251,X008,,,,,,,,,,,,
1252,X009,,,,,,,,,,,,
1253,X011,,,,,,,,,,,,
1254,X014,,,,,,,,,,,,
1255,X015,,,,,,,,,,,,
1256,X016,,,,,,,,,,,,
1257,X018,,,,,,,,,,,,
1258,X019,,,,,,,,,,,,
1259,X020,,,,,,,,,,,,
1260,X021,,,,,,,,,,,,
1261,X022,,,,,,,,,,,,
1262,X023,,,,,,,,,,,,
1263,X024,,,,,,,,,,,,
1264,X025,,,,,,,,,,,,
1265,X028,,,,,,,,,,,,
1266,X029,,,,,,,,,,,,
1267,X030,,,,,,,,,,,,
1268,X031,,,,,,,,,,,,
1269,X032,,,,,,,,,,,,
1270,X033,,,,,,,,,,,,
1271,X035,,,,,,,,,,,,
1272,X036,,,,,,,,,,,,
1273,X037,,,,,,,,,,,,
1274,X041,,,,,,,,,,,,
1275,X042,,,,,,,,,,,,
1276,X043,,,,,,,,,,,,
1277,X044,,,,,,,,,,,,
1278,X045,,,,,,,,,,,,
1279,X046,,,,,,,,,,,,
1280,X047,,,,,,,,,,,,
1281,X048,,,,,,,,,,,,
1282,X049,,,,,,,,,,,,
1283,X050,,,,,,,,,,,,
1284,X051,,,,,,,,,,,,
1285,X053,,,,,,,,,,,,
1286,X054,,,,,,,,,,,,
1287,X055,,,,,,,,,,,,
1288,X056,,,,,,,,,,,,
1289,X057,,,,,,,,,,,,
1290,X058,,,,,,,,,,,,
1291,X059,,,,,,,,,,,,
1292,X061,,,,,,,,,,,,
1293,X062,,,,,,,,,,,,
1294,X063,,,,,,,,,,,,
1295,X064,,,,,,,,,,,,
1296,X065,,,,,,,,,,,,
1297,X066,,,,,,,,,,,,
1298,X067,,,,,,,,,,,,
1299,X068,,,,,,,,,,,,
1300,X069,,,,,,,,,,,,
1301,X070,,,,,,,,,,,,
1302,X071,,,,,,,,,,,,
1303,X072,,,,,,,,,,,,
1304,X073,,,,,,,,,,,,
1305,X075,,,,,,,,,,,,
1306,X076,,,,,,,,,,,,
1307,X077,,,,,,,,,,,,
1308,X078,,,,,,,,,,,,
1309,X079,,,,,,,,,,,,
1310,X080,,,,,,,,,,,,
1311,X081,,,,,,,,,,,,
1312,X083,,,,,,,,,,,,
1313,X085,,,,,,,,,,,,
1314,X086,,,,,,,,,,,,
1315,X087,,,,,,,,,,,,
1316,X088,,,,,,,,,,,,
1317,X089,,,,,,,,,,,,
1318,X090,,,,,,,,,,,,
1319,X091,,,,,,,,,,,,
1320,X092,,,,,,,,,,,,
1321,X093,,,,,,,,,,,,
1322,X094,,,,,,,,,,,,
1323,X095,,,,,,,,,,,,
1324,X096,,,,,,,,,,,,
1325,X097,,,,,,,,,,,,
1326,X098,,,,,,,,,,,,
1327,X100,,,,,,,,,,,,
1328,X101,,,,,,,,,,,,
1329,X102,,,,,,,,,,,,
1330,X103,,,,,,,,,,,,
1331,X105,,,,,,,,,,,,
1332,X106,,,,,,,,,,,,
1333,X107,,,,,,,,,,,,
1334,X108,,,,,,,,,,,,
1335,X109,,,,,,,,,,,,
1336,X110,,,,,,,,,,,,
1337,X111,,,,,,,,,,,,
1338,X112,,,,,,,,,,,,
1339,X114,,,,,,,,,,,,
1340,X117,,,,,,,,,,,,
1341,X118,,,,,,,,,,,,
1342,X119,,,,,,,,,,,,
1343,X121,,,,,,,,,,,,
1344,X123,,,,,,,,,,,,
1345,X125,,,,,,,,,,,,
1346,X126,,,,,,,,,,,,
1347,X127,,,,,,,,,,,,
1348,X128,,,,,,,,,,,,
1349,X129,,,,,,,,,,,,
1350,X130,,,,,,,,,,,,
1351,X131,,,,,,,,,,,,
1352,X132,,,,,,,,,,,,
1353,X134,,,,,,,,,,,,
1354,X138,,,,,,,,,,,,
1355,X140,,,,,,,,,,,,
1356,X141,,,,,,,,,,,,
1357,X142,,,,,,,,,,,,
1358,X144,,,,,,,,,,,,
1359,X145,,,,,,,,,,,,
1360,X146,,,,,,,,,,,,
1361,X150,,,,,,,,,,,,
1362,X151,,,,,,,,,,,,
1363,X152,,,,,,,,,,,,
1364,X153,,,,,,,,,,,,
1365,X154,,,,,,,,,,,,
1366,X157,,,,,,,,,,,,
1367,X159,,,,,,,,,,,,
1368,X160,,,,,,,,,,,,
1369,X161,,,,,,,,,,,,
1370,X162,,,,,,,,,,,,
1371,X163,,,,,,,,,,,,
1372,X166,,,,,,,,,,,,
1373,X169,,,,,,,,,,,,
1374,X170,,,,,,,,,,,,
1375,X175,,,,,,,,,,,,
1376,X178,,,,,,,,,,,,
1377,X179,,,,,,,,,,,,
1378,X180,,,,,,,,,,,,
1379,X181,,,,,,,,,,,,
1380,X182,,,,,,,,,,,,
1381,X189,,,,,,,,,,,,
1382,X190,,,,,,,,,,,,
1383,X194,,,,,,,,,,,,
1384,X195,,,,,,,,,,,,
1385,X196,,,,,,,,,,,,
1386,X198,,,,,,,,,,,,
1387,X199,,,,,,,,,,,,
1388,X203,,,,,,,,,,,,
1389,X204,,,,,,,,,,,,
1390,X205,,,,,,,,,,,,
1391,X206,,,,,,,,,,,,
1392,X207,,,,,,,,,,,,
1393,X209,,,,,,,,,,,,
1394,X211,,,,,,,,,,,,
1395,X212,,,,,,,,,,,,
1396,X213,,,,,,,,,,,,
1397,X214,,,,,,,,,,,,
1398,X215,,,,,,,,,,,,
1399,X217,,,,,,,,,,,,
1400,X218,,,,,,,,,,,,
1401,X219,,,,,,,,,,,,
1402,X221,,,,,,,,,,,,
1403,X223,,,,,,,,,,,,
1404,X224,,,,,,,,,,,,
1405,X225,,,,,,,,,,,,
1406,X226,,,,,,,,,,,,
1407,X227,,,,,,,,,,,,
1408,X228,,,,,,,,,,,,
1409,X229,,,,,,,,,,,,
1410,X230,,,,,,,,,,,,
1411,X231,,,,,,,,,,,,
1412,X232,,,,,,,,,,,,
1413,X236,,,,,,,,,,,,
1414,X237,,,,,,,,,,,,
1415,X239,,,,,,,,,,,,
1416,X241,,,,,,,,,,,,
1417,X242,,,,,,,,,,,,
1418,X243,,,,,,,,,,,,
1419,X244,,,,,,,,,,,,
1420,X245,,,,,,,,,,,,
1421,X246,,,,,,,,,,,,
1422,X248,,,,,,,,,,,,
1423,X249,,,,,,,,,,,,
1424,X250,,,,,,,,,,,,
1425,X251,,,,,,,,,,,,
1426,X252,,,,,,,,,,,,
1427,X253,,,,,,,,,,,,
1428,X254,,,,,,,,,,,,
1429,X259,,,,,,,,,,,,
1430,X260,,,,,,,,,,,,
1431,X262,,,,,,,,,,,,
1432,X263,,,,,,,,,,,,
1433,X264,,,,,,,,,,,,
1434,X265,,,,,,,,,,,,
1435,X267,,,,,,,,,,,,
1436,X268,,,,,,,,,,,,
1437,X269,,,,,,,,,,,,
1438,X270,,,,,,,,,,,,
1439,X271,,,,,,,,,,,,
1440,X272,,,,,,,,,,,,
1441,X273,,,,,,,,,,,,
1442,X274,,,,,,,,,,,,
1443,X275,,,,,,,,,,,,
1444,X276,,,,,,,,,,,,
1445,X277,,,,,,,,,,,,
1446,X278,,,,,,,,,,,,
1447,X279,,,,,,,,,,,,
1448,X280,,,,,,,,,,,,
1449,X282,,,,,,,,,,,,
1450,X284,,,,,,,,,,,,
1451,X286,,,,,,,,,,,,
1452,X287,,,,,,,,,,,,
1453,X288,,,,,,,,,,,,
1454,X289,,,,,,,,,,,,
1455,X290,,,,,,,,,,,,
1456,X291,,,,,,,,,,,,
1457,X293,,,,,,,,,,,,
1458,X294,,,,,,,,,,,,
1459,X295,,,,,,,,,,,,
1460,X296,,,,,,,,,,,,
1461,X297,,,,,,,,,,,,
1462,X298,,,,,,,,,,,,
1463,X299,,,,,,,,,,,,
1464,X300,,,,,,,,,,,,
1465,X301,,,,,,,,,,,,
1466,X302,,,,,,,,,,,,
1467,X303,,,,,,,,,,,,
1468,X304,,,,,,,,,,,,
1469,X305,,,,,,,,,,,,
1470,X306,,,,,,,,,,,,
1471,X307,,,,,,,,,,,,
1472,X308,,,,,,,,,,,,
1473,X310,,,,,,,,,,,,
1474,X311,,,,,,,,,,,,
1475,X312,,,,,,,,,,,,
1476,X313,,,,,,,,,,,,
1477,X314,,,,,,,,,,,,
1478,X315,,,,,,,,,,,,
1479,X316,,,,,,,,,,,,
1480,X318,,,,,,,,,,,,
1481,X319,,,,,,,,,,,,
1482,X320,,,,,,,,,,,,
1483,X321,,,,,,,,,,,,
1484,X322,,,,,,,,,,,,
1485,X323,,,,,,,,,,,,
1486,X324,,,,,,,,,,,,
1487,X325,,,,,,,,,,,,
1488,X326,,,,,,,,,,,,
1489,X327,,,,,,,,,,,,
1490,X328,,,,,,,,,,,,
1491,X329,,,,,,,,,,,,
1492,X331,,,,,,,,,,,,
1493,X332,,,,,,,,,,,,
1494,X333,,,,,,,,,,,,
1495,X334,,,,,,,,,,,,
1496,X335,,,,,,,,,,,,
1497,X337,,,,,,,,,,,,
1498,X339,,,,,,,,,,,,
1499,X340,,,,,,,,,,,,
1500,X341,,,,,,,,,,,,
1501,X342,,,,,,,,,,,,
1502,X343,,,,,,,,,,,,
1503,X344,,,,,,,,,,,,
1504,X348,,,,,,,,,,,,
1505,X349,,,,,,,,,,,,
1506,X350,,,,,,,,,,,,
1507,X351,,,,,,,,,,,,
1508,X353,,,,,,,,,,,,
1509,X355,,,,,,,,,,,,
1510,X357,,,,,,,,,,,,
1511,X359,,,,,,,,,,,,
1512,X360,,,,,,,,,,,,
1513,X361,,,,,,,,,,,,
1514,X363,,,,,,,,,,,,
1515,X365,,,,,,,,,,,,
1516,X366,,,,,,,,,,,,
1517,X367,,,,,,,,,,,,
1518,X368,,,,,,,,,,,,
1519,X369,,,,,,,,,,,,
1520,X370,,,,,,,,,,,,
1521,X371,,,,,,,,,,,,
1522,X372,,,,,,,,,,,,
1523,X374,,,,,,,,,,,,
1524,X375,,,,,,,,,,,,
1525,X376,,,,,,,,,,,,
1526,X377,,,,,,,,,,,,
1527,X379,,,,,,,,,,,,
1528,X381,,,,,,,,,,,,
1529,X382,,,,,,,,,,,,
1530,X383,,,,,,,,,,,,
1531,X384,,,,,,,,,,,,
1532,X385,,,,,,,,,,,,
1533,X386,,,,,,,,,,,,
1534,X388,,,,,,,,,,,,
1535,X390,,,,,,,,,,,,
1536,X391,,,,,,,,,,,,
1537,X392,,,,,,,,,,,,
1538,X396,,,,,,,,,,,,
1539,X397,,,,,,,,,,,,
1540,X399,,,,,,,,,,,,
1541,X403,,,,,,,,,,,,
1542,X404,,,,,,,,,,,,
1543,X405,,,,,,,,,,,,
1544,X412,,,,,,,,,,,,
1545,X413,,,,,,,,,,,,
1546,X414,,,,,,,,,,,,
1547,X415,,,,,,,,,,,,
1548,X418,,,,,,,,,,,,
1549,X424,,,,,,,,,,,,
1550,X427,,,,,,,,,,,,
1551,X432,,,,,,,,,,,,
1552,X433,,,,,,,,,,,,
1553,X434,,,,,,,,,,,,
1554,X437,,,,,,,,,,,,
1555,X438,,,,,,,,,,,,
1556,X439,,,,,,,,,,,,
1557,X440,,,,,,,,,,,,
1558,X442,,,,,,,,,,,,
1559,X443,,,,,,,,,,,,
1560,X445,,,,,,,,,,,,
1561,X446,,,,,,,,,,,,
1562,X447,,,,,,,,,,,,
1563,X448,,,,,,,,,,,,
1564,X449,,,,,,,,,,,,
1565,X452,,,,,,,,,,,,
1566,X454,,,,,,,,,,,,
1567,X455,,,,,,,,,,,,
1568,X457,,,,,,,,,,,,
1569,X458,,,,,,,,,,,,
1570,X459,,,,,,,,,,,,
1571,X462,,,,,,,,,,,,
1572,X463,,,,,,,,,,,,
1573,X467,,,,,,,,,,,,
1574,X468,,,,,,,,,,,,
1575,X473,,,,,,,,,,,,
1576,X475,,,,,,,,,,,,
1577,X477,,,,,,,,,,,,
1578,X478,,,,,,,,,,,,
1579,X479,,,,,,,,,,,,
1580,X480,,,,,,,,,,,,
1581,X481,,,,,,,,,,,,
1582,X483,,,,,,,,,,,,
1583,X495,,,,,,,,,,,,
1584,X498,,,,,,,,,,,,
1585,X500,,,,,,,,,,,,
1586,X505,,,,,,,,,,,,
1587,X508,,,,,,,,,,,,
1588,X509,,,,,,,,,,,,
1589,X511,,,,,,,,,,,,
1590,X513,,,,,,,,,,,,
1591,X514,,,,,,,,,,,,
1592,X517,,,,,,,,,,,,
1593,X519,,,,,,,,,,,,
1594,X520,,,,,,,,,,,,
1595,X521,,,,,,,,,,,,
1596,X522,,,,,,,,,,,,
1597,X524,,,,,,,,,,,,
1598,X525,,,,,,,,,,,,
1599,X527,,,,,,,,,,,,
1600,X529,,,,,,,,,,,,
1601,X530,,,,,,,,,,,,
1602,X531,,,,,,,,,,,,
1603,X532,,,,,,,,,,,,
1604,X536,,,,,,,,,,,,
1605,X537,,,,,,,,,,,,
1606,X540,,,,,,,,,,,,
1607,X541,,,,,,,,,,,,
1608,X542,,,,,,,,,,,,
1609,X543,,,,,,,,,,,,
1610,X544,,,,,,,,,,,,
1611,X545,,,,,,,,,,,,
1612,X546,,,,,,,,,,,,
1613,X547,,,,,,,,,,,,
1614,X548,,,,,,,,,,,,
1615,X549,,,,,,,,,,,,
1616,X550,,,,,,,,,,,,
1617,X551,,,,,,,,,,,,
1618,X555,,,,,,,,,,,,
1619,X556,,,,,,,,,,,,
1620,X557,,,,,,,,,,,,
1621,X558,,,,,,,,,,,,
1622,X559,,,,,,,,,,,,
1623,X560,,,,,,,,,,,,
1624,X561,,,,,,,,,,,,
1625,X562,,,,,,,,,,,,
1626,X564,,,,,,,,,,,,
1627,X565,,,,,,,,,,,,
1628,X566,,,,,,,,,,,,
1629,X567,,,,,,,,,,,,
1630,X568,,,,,,,,,,,,
1631,X583,,,,,,,,,,,,
1632,X584,,,,,,,,,,,,
1633,X600,,,,,,,,,,,,
1634,X650,,,,,,,,,,,,
1635,X655,,,,,,,,,,,,
1636,X660,,,,,,,,,,,,
1637,X670,,,,,,,,,,,,
1638,X680,,,,,,,,,,,,
1639,X682,,,,,,,,,,,,
1640,X684,,,,,,,,,,,,
1641,X690,,,,,,,,,,,,
1642,X691,,,,,,,,,,,,
1643,X692,,,,,,,,,,,,
1644,X696,,,,,,,,,,,,
